-- MySQL dump 10.13  Distrib 5.7.23, for Linux (x86_64)
--
-- Host: 172.20.0.3    Database: oldFoodTruckApp
-- ------------------------------------------------------
-- Server version	5.7.22

/*!40101 SET @OLD_CHARACTER_SET_CLIENT=@@CHARACTER_SET_CLIENT */;
/*!40101 SET @OLD_CHARACTER_SET_RESULTS=@@CHARACTER_SET_RESULTS */;
/*!40101 SET @OLD_COLLATION_CONNECTION=@@COLLATION_CONNECTION */;
/*!40101 SET NAMES utf8 */;
/*!40103 SET @OLD_TIME_ZONE=@@TIME_ZONE */;
/*!40103 SET TIME_ZONE='+00:00' */;
/*!40014 SET @OLD_UNIQUE_CHECKS=@@UNIQUE_CHECKS, UNIQUE_CHECKS=0 */;
/*!40014 SET @OLD_FOREIGN_KEY_CHECKS=@@FOREIGN_KEY_CHECKS, FOREIGN_KEY_CHECKS=0 */;
/*!40101 SET @OLD_SQL_MODE=@@SQL_MODE, SQL_MODE='NO_AUTO_VALUE_ON_ZERO' */;
/*!40111 SET @OLD_SQL_NOTES=@@SQL_NOTES, SQL_NOTES=0 */;

--
-- Table structure for table `company_info`
--

DROP TABLE IF EXISTS `company_info`;
/*!40101 SET @saved_cs_client     = @@character_set_client */;
/*!40101 SET character_set_client = utf8 */;
CREATE TABLE `company_info` (
  `id` int(10) unsigned NOT NULL AUTO_INCREMENT,
  `name` varchar(100) NOT NULL,
  `meta` text,
  `deleted` tinyint(1) NOT NULL,
  `contact` varchar(255) NOT NULL,
  `address` varchar(255) NOT NULL,
  `notes` text NOT NULL,
  `email` varchar(255) NOT NULL,
  `phone` varchar(45) NOT NULL,
  PRIMARY KEY (`id`)
) ENGINE=InnoDB AUTO_INCREMENT=51 DEFAULT CHARSET=latin1 ROW_FORMAT=DYNAMIC;
/*!40101 SET character_set_client = @saved_cs_client */;

--
-- Dumping data for table `company_info`
--

LOCK TABLES `company_info` WRITE;
/*!40000 ALTER TABLE `company_info` DISABLE KEYS */;
INSERT INTO `company_info` VALUES (1,'ShoyaFood',NULL,0,'Mitchell Jolivette','599 Ridgeview Way','','tross@mydo.edu','(270) 183-4111'),(2,'Tagchat',NULL,1,'Scott Scott','91 Carberry Crossing','','sscott@ntags.com','(602) 928-6393'),(3,'Mycat',NULL,1,'Martha Wright','87992 5th Court','','mwright@quimm.edu','(528) 993-8614'),(4,'InnoZ',NULL,0,'Victor Young','282 Sutteridge Avenue','','vyoung@wikibox.info','(144) 748-6833'),(5,'Riffpath',NULL,1,'Antonio Peterson','73 Monica Circle','','apeterson@brainbox.com','(265) 714-2624'),(6,'Fatz',NULL,0,'Carol Bryant','32 Orin Parkway','','cbryant@snaptags.biz','(338) 193-3975'),(7,'Tagpad',NULL,0,'Christina Boyd','34065 Marquette Park','','cboyd@tagopia.edu','(865) 912-8128'),(8,'Chatterbridge',NULL,1,'Sara Shaw','2722 Maryland Terrace','','sshaw@izio.edu','(859) 503-1762'),(9,'Photolist',NULL,0,'Paul Day','7 Karstens Terrace','','pday@quimba.gov','(225) 684-8957'),(10,'Wordify',NULL,1,'Eric Morgan','4 Fremont Way','','emorgan@meejo.com','(115) 299-9546'),(11,'Wordpedia',NULL,1,'Julia Hansen','5564 Pawling Alley','','jhansen@jabberstorm.org','(800) 693-2866'),(12,'Kare',NULL,0,'Frank Sims','1702 Cascade Avenue','','fsims@gigabox.name','(645) 941-9333'),(13,'Rooxo',NULL,0,'Matthew George','39 Dottie Trail','','mgeorge@gigazoom.gov','(882) 314-2571'),(14,'Thoughtstorm',NULL,0,'Kimberly Elliott','55 Lukken Crossing','','kelliott@mydeo.biz','(829) 412-6080'),(15,'Oozz',NULL,0,'Randy Hill','8 Mendota Junction','','rhill@riffpath.info','(496) 734-3848'),(16,'Oyope',NULL,1,'Heather Williamson','5822 Waywood Drive','','hwilliamson@dazzlesphere.info','(564) 613-7251'),(17,'Photobug',NULL,1,'Keith Porter','7 Mitchell Center','','kporter@demivee.edu','(298) 244-6897'),(18,'Fanoodle',NULL,1,'Philip Bradley','0873 Di Loreto Road','','pbradley@skidoo.net','(203) 753-9706'),(19,'Photojam',NULL,0,'Annie Hansen','24650 Anzinger Circle','','ahansen@innoz.name','(442) 235-1530'),(20,'Tavu',NULL,0,'Jane Austin','01505 Sherman Trail','','jaustin@meeveo.edu','(487) 334-7804'),(21,'Plambee',NULL,1,'Barbara Riley','33890 Armistice Road','','briley@oba.biz','(426) 642-2563'),(22,'Plambee',NULL,1,'Sean Edwards','788 Cascade Crossing','','sedwards@meetz.net','(708) 780-6033'),(23,'Dabfeed',NULL,0,'Donald Butler','7 Menomonie Avenue','','dbutler@skyndu.org','(192) 870-3111'),(24,'Innojam',NULL,0,'Dennis Perkins','8612 Calypso Circle','','dperkins@skalith.mil','(387) 531-1158'),(25,'Devcast',NULL,0,'Jesse Edwards','5 Hauk Way','','jedwards@skyndu.name','(161) 341-1528'),(26,'Abatz',NULL,1,'Sandra Ward','0333 Waubesa Terrace','','sward@thoughtbridge.mil','(710) 879-6380'),(27,'Twitternation',NULL,1,'Rose West','78492 Longview Road','','rwest@jatri.gov','(736) 462-9533'),(28,'Flashspan',NULL,1,'Elizabeth Jones','68 Laurel Parkway','','ejones@divape.mil','(830) 121-6041'),(29,'Aivee',NULL,1,'Sharon Wagner','05 Lyons Place','','swagner@plajo.org','(271) 831-2810'),(30,'Dablist',NULL,0,'Larry Cruz','7 Union Alley','','lcruz@twitternation.info','(441) 101-6494'),(31,'Jabbertype',NULL,0,'Tina Nguyen','45964 Esch Parkway','','tnguyen@wikizz.name','(120) 611-6135'),(32,'Rooxo',NULL,1,'Carol George','9 Stang Trail','','cgeorge@vipe.biz','(261) 474-3647'),(33,'Pixonyx',NULL,0,'Gerald Knight','4 Sundown Court','','gknight@vimbo.biz','(162) 552-5063'),(34,'Cogilith',NULL,0,'Phyllis Snyder','51194 Butterfield Drive','','psnyder@vinte.com','(810) 946-3861'),(35,'Topicware',NULL,1,'Kathleen Martin','947 Pankratz Circle','','kmartin@bluejam.net','(293) 448-9438'),(36,'Mydeo',NULL,0,'Helen Larson','9246 Lerdahl Road','','hlarson@babblestorm.mil','(660) 492-3124'),(37,'Dabjam',NULL,1,'Shawn Bradley','87631 High Crossing Hill','','sbradley@tazz.com','(171) 498-3682'),(38,'Twitterwire',NULL,1,'Michael Armstrong','6097 Kinsman Crossing','','marmstrong@cogidoo.info','(562) 246-9196'),(39,'Nlounge',NULL,1,'Heather Cox','4005 High Crossing Place','','hcox@riffwire.info','(392) 444-1020'),(40,'Dynabox',NULL,0,'Betty Howell','97491 Mosinee Alley','','bhowell@lazzy.name','(265) 777-5469'),(41,'Zoozzy',NULL,0,'Patrick Snyder','0488 Pennsylvania Street','','psnyder@meembee.net','(133) 309-3698'),(42,'Tambee',NULL,0,'Aaron Moore','00709 Elmside Drive','','amoore@edgepulse.name','(394) 534-1209'),(43,'Thoughtmix',NULL,1,'Teresa Stone','54514 Heath Terrace','','tstone@trudeo.biz','(755) 184-6964'),(44,'Trilith',NULL,0,'Juan Hanson','5 Mandrake Circle','','jhanson@jabberbean.mil','(226) 204-6184'),(45,'Leexo',NULL,0,'Charles Mills','4 Coolidge Plaza','','cmills@demizz.edu','(724) 427-3140'),(46,'Aimbu',NULL,1,'Howard Fox','0 Mcbride Court','','hfox@divanoodle.edu','(638) 248-3239'),(47,'Wordtune',NULL,0,'Diane Clark','369 Mayer Parkway','','dclark@blogtags.com','(967) 507-9834'),(48,'Dabfeed',NULL,0,'Billy Stevens','5889 Loeprich Plaza','','bstevens@buzzshare.biz','(299) 175-1540'),(49,'Edgeblab',NULL,1,'Arthur Shaw','98 Fuller Trail','','ashaw@realbuzz.mil','(118) 316-5114'),(50,'Centidel',NULL,1,'Alan Stephens','017 Garrison Junction','','astephens@trilia.biz','(220) 780-5856');
/*!40000 ALTER TABLE `company_info` ENABLE KEYS */;
UNLOCK TABLES;

--
-- Table structure for table `locations`
--

DROP TABLE IF EXISTS `locations`;
/*!40101 SET @saved_cs_client     = @@character_set_client */;
/*!40101 SET character_set_client = utf8 */;
CREATE TABLE `locations` (
  `id` int(10) unsigned NOT NULL AUTO_INCREMENT,
  `lat` float NOT NULL,
  `lng` float NOT NULL,
  `timestamp` timestamp NOT NULL DEFAULT CURRENT_TIMESTAMP ON UPDATE CURRENT_TIMESTAMP,
  `id_truck` int(10) unsigned DEFAULT NULL,
  `id_status` int(10) unsigned NOT NULL,
  `deleted` tinyint(1) NOT NULL,
  PRIMARY KEY (`id`)
) ENGINE=InnoDB AUTO_INCREMENT=632 DEFAULT CHARSET=latin1;
/*!40101 SET character_set_client = @saved_cs_client */;

--
-- Dumping data for table `locations`
--

LOCK TABLES `locations` WRITE;
/*!40000 ALTER TABLE `locations` DISABLE KEYS */;
INSERT INTO `locations` VALUES (1,29.9174,-95.5867,'2014-07-15 06:32:15',26,3,1),(2,29.8981,-95.5406,'2014-04-21 06:41:40',40,1,1),(3,29.8373,-95.5415,'2014-03-25 16:13:17',25,7,1),(4,29.8212,-95.4535,'2014-06-21 00:36:21',33,5,1),(5,29.5243,-95.5231,'2014-07-05 14:41:24',48,8,1),(6,29.7715,-95.1658,'2014-05-15 08:30:54',12,8,0),(7,29.5987,-95.3755,'2014-04-12 16:18:44',30,3,0),(8,29.9252,-95.2863,'2014-03-10 07:40:35',26,5,1),(9,29.9315,-95.4243,'2014-06-24 19:38:56',46,4,0),(10,29.9563,-95.4908,'2014-02-04 11:04:13',32,8,0),(11,29.9279,-95.566,'2014-01-23 11:11:53',35,6,1),(12,29.8148,-95.3518,'2014-05-30 18:34:30',33,3,0),(13,30.0116,-95.3611,'2014-08-10 09:01:17',5,5,1),(14,29.872,-95.1125,'2014-03-11 04:34:48',13,4,0),(15,29.5596,-95.2904,'2014-05-20 09:05:33',11,3,1),(16,29.7577,-95.4755,'2014-08-19 19:11:01',45,5,1),(17,29.9511,-95.1952,'2014-05-02 02:30:42',28,1,0),(18,29.6407,-95.0672,'2014-06-30 23:59:12',7,7,0),(19,29.9045,-95.1254,'2014-01-23 07:34:43',6,1,0),(20,29.8784,-95.2666,'2014-02-12 06:26:56',18,1,1),(21,29.5005,-95.2422,'2014-06-28 09:54:14',49,2,0),(22,29.5936,-95.5387,'2014-06-14 19:43:35',46,3,0),(23,29.7852,-95.1341,'2014-02-13 03:25:44',50,7,1),(24,29.8736,-95.1741,'2014-05-26 04:04:41',48,3,0),(25,29.7209,-95.6482,'2014-03-14 23:23:08',36,7,1),(26,29.7865,-95.2435,'2014-07-05 02:29:38',39,1,0),(27,29.8129,-95.396,'2014-01-25 03:09:37',8,2,0),(28,29.5894,-95.5388,'2014-08-08 13:52:03',34,1,1),(29,29.7514,-95.2151,'2014-08-07 15:17:28',40,4,0),(30,29.9737,-95.1546,'2014-01-20 16:13:27',10,3,0),(31,29.6428,-95.6586,'2014-07-13 18:37:15',18,5,0),(32,29.5956,-95.4981,'2014-06-09 13:33:37',1,7,0),(33,29.4824,-95.2868,'2014-02-07 05:47:55',31,8,1),(34,29.7316,-95.6736,'2014-06-28 13:35:39',44,1,0),(35,29.7199,-95.5981,'2014-07-05 05:33:24',31,1,1),(36,29.7775,-95.0776,'2014-07-13 17:10:54',14,4,0),(37,29.8166,-95.377,'2014-06-15 14:43:31',18,4,1),(38,29.5063,-95.4951,'2014-03-06 11:56:15',5,2,1),(39,29.8434,-95.3649,'2014-02-10 09:29:24',23,2,0),(40,29.8895,-95.2325,'2014-07-09 19:42:27',33,4,0),(41,29.6796,-95.2532,'2014-05-26 18:57:01',31,3,1),(42,29.88,-95.4321,'2014-04-03 01:45:04',19,8,0),(43,29.7845,-95.6956,'2014-02-19 11:20:07',49,5,0),(44,29.6515,-95.2951,'2014-08-08 13:52:40',2,3,0),(45,29.7891,-95.5695,'2014-06-24 17:52:00',48,6,1),(46,29.7145,-95.516,'2014-01-28 22:43:44',5,6,1),(47,29.7837,-95.6725,'2014-01-28 07:06:15',13,4,0),(48,29.5763,-95.2832,'2014-02-24 15:23:19',32,4,1),(49,29.7199,-95.3715,'2014-07-27 20:54:26',49,3,0),(50,29.533,-95.1925,'2014-03-21 14:05:37',39,4,1),(51,29.8346,-95.4594,'2014-01-13 15:03:18',14,3,0),(52,29.5239,-95.2648,'2014-02-04 10:43:24',20,5,0),(53,29.8698,-95.356,'2014-06-09 23:19:27',6,6,1),(54,29.6753,-95.4763,'2014-03-15 15:59:10',17,5,1),(55,29.6185,-95.3005,'2014-06-01 08:01:30',11,6,1),(56,30.0216,-95.4558,'2014-07-28 12:55:27',9,2,1),(57,29.9247,-95.6406,'2014-06-19 09:18:50',9,7,0),(58,29.892,-95.1115,'2014-04-04 22:04:54',49,5,1),(59,29.7696,-95.1991,'2014-05-13 15:02:10',23,6,0),(60,29.6885,-95.3409,'2014-07-09 12:39:28',44,3,1),(61,29.9789,-95.2627,'2014-06-03 02:29:05',15,2,0),(62,29.98,-95.554,'2014-07-20 17:54:31',18,6,0),(63,29.8613,-95.238,'2014-01-25 05:01:30',27,6,1),(64,29.8683,-95.6393,'2014-01-15 13:43:40',2,6,0),(65,29.6945,-95.0786,'2014-04-17 09:25:03',49,1,0),(66,29.6177,-95.2946,'2014-03-24 20:16:53',50,6,0),(67,29.6829,-95.3478,'2014-04-24 00:57:01',34,5,1),(68,29.9015,-95.4049,'2014-01-27 14:02:41',15,8,0),(69,29.742,-95.5628,'2014-01-18 11:26:39',20,5,1),(70,30.0309,-95.2743,'2014-08-11 11:18:50',47,6,0),(71,29.5608,-95.3333,'2014-05-05 22:16:03',23,6,0),(72,29.6364,-95.1275,'2014-05-12 18:44:00',41,4,1),(73,30.0292,-95.4774,'2014-02-08 21:10:57',4,2,1),(74,30.0006,-95.218,'2014-02-10 13:47:42',41,5,1),(75,29.8934,-95.4338,'2014-03-05 23:34:13',5,2,1),(76,29.6563,-95.6295,'2014-05-28 17:57:57',2,4,1),(77,29.6786,-95.4592,'2014-08-12 09:06:35',21,2,0),(78,29.8615,-95.5843,'2014-02-01 14:26:40',44,3,0),(79,29.6397,-95.2328,'2014-04-10 09:06:21',30,4,1),(80,29.7063,-95.2821,'2014-03-14 04:08:36',45,8,0),(81,29.9038,-95.2637,'2014-01-29 07:46:05',19,4,1),(82,29.6105,-95.2251,'2014-04-17 19:53:03',17,8,0),(83,29.7209,-95.4436,'2014-06-20 02:50:47',20,1,1),(84,29.9565,-95.1616,'2014-02-20 04:11:58',17,2,1),(85,29.7591,-95.6043,'2014-02-21 16:41:00',43,1,1),(86,29.6325,-95.4969,'2014-05-15 06:41:56',48,7,1),(87,29.8244,-95.3297,'2014-06-30 19:01:41',15,5,1),(88,29.7421,-95.4462,'2014-01-13 08:04:09',26,1,1),(89,29.5036,-95.2224,'2014-06-08 05:44:51',3,4,0),(90,29.8559,-95.6642,'2014-01-07 01:14:19',9,1,1),(91,29.8196,-95.2396,'2014-02-04 23:10:51',45,6,0),(92,29.5557,-95.3903,'2014-04-27 16:45:49',50,8,1),(93,29.7211,-95.201,'2014-01-23 21:25:48',30,4,0),(94,29.7753,-95.5919,'2014-04-08 07:03:18',18,7,1),(95,29.5589,-95.5534,'2014-03-05 23:20:30',21,5,1),(96,29.7216,-95.5385,'2014-04-03 12:36:17',32,3,0),(97,29.9174,-95.644,'2014-08-13 04:17:48',3,5,0),(98,29.7328,-95.3572,'2014-03-26 05:18:04',34,3,0),(99,29.5996,-95.4441,'2014-07-20 05:19:05',21,8,0),(100,29.5912,-95.4535,'2014-04-14 22:15:46',8,6,0),(102,29.6989,-95.5022,'2014-02-10 15:24:31',252,1,0),(103,30.0061,-95.4313,'2014-04-05 14:58:52',698,3,0),(104,29.6791,-95.1185,'2014-01-26 17:40:11',91,1,0),(105,29.9692,-95.2567,'2014-03-17 05:37:13',381,6,0),(106,29.7471,-95.2138,'2014-01-14 17:15:09',160,6,0),(107,29.6842,-95.2097,'2014-04-21 11:25:14',51,2,0),(108,29.9271,-95.4151,'2014-08-07 03:27:29',246,7,0),(109,29.4953,-95.2362,'2014-02-12 18:45:11',519,5,0),(110,29.9453,-95.4295,'2014-08-15 15:27:16',739,5,0),(111,29.659,-95.3413,'2014-07-19 11:08:24',55,7,0),(112,29.8577,-95.3959,'2014-06-21 15:13:06',526,7,0),(113,29.9876,-95.5076,'2014-02-13 17:50:56',538,5,0),(114,29.9826,-95.3339,'2014-07-11 07:12:40',459,2,0),(115,29.7572,-95.5046,'2014-03-26 23:21:04',522,5,0),(116,29.5985,-95.542,'2014-01-14 12:16:59',727,4,0),(117,29.5695,-95.3444,'2014-06-04 17:51:02',94,4,0),(118,29.9598,-95.4158,'2014-03-01 01:28:47',299,1,0),(119,29.9466,-95.3694,'2014-02-12 15:29:11',586,3,0),(120,29.6978,-95.6077,'2014-02-03 02:28:43',292,4,0),(121,29.5834,-95.4583,'2014-04-08 13:17:30',194,8,0),(122,29.7353,-95.3566,'2014-07-13 05:14:33',564,1,0),(123,29.6146,-95.1932,'2014-07-30 04:12:38',705,2,0),(124,29.8856,-95.2923,'2014-02-28 15:12:42',37,2,0),(125,29.7549,-95.3219,'2014-03-23 06:15:38',77,2,0),(126,29.7556,-95.3003,'2014-06-10 23:59:57',100,8,0),(127,29.7596,-95.3008,'2014-03-20 23:03:46',143,2,0),(128,29.7458,-95.166,'2014-08-08 13:52:39',2,6,0),(129,29.7149,-95.1984,'2014-06-05 05:50:52',27,1,0),(130,29.6949,-95.5624,'2014-04-18 18:23:45',101,1,0),(131,29.9602,-95.2325,'2014-04-14 13:36:25',570,3,0),(132,29.8026,-95.1947,'2014-03-27 00:43:20',36,4,0),(133,29.8607,-95.343,'2014-03-19 01:10:21',13,8,0),(134,29.9929,-95.2963,'2014-06-20 16:56:27',453,5,0),(135,29.5524,-95.3223,'2014-04-29 03:16:18',556,6,0),(136,29.6905,-95.552,'2014-02-04 10:39:36',353,6,0),(137,29.6711,-95.4212,'2014-07-06 05:54:32',271,8,0),(138,29.5698,-95.4355,'2014-01-26 21:50:45',165,7,0),(139,29.7005,-95.044,'2014-06-18 05:40:02',264,1,0),(140,29.5051,-95.2306,'2014-07-07 09:41:39',554,7,0),(141,29.6681,-95.507,'2014-03-23 13:24:18',504,3,0),(142,30.0155,-95.2131,'2014-07-15 07:53:13',607,8,0),(143,29.8406,-95.0822,'2014-06-18 12:52:52',540,1,0),(144,29.6891,-95.2126,'2014-02-01 13:56:25',327,3,0),(145,29.7938,-95.0749,'2014-06-15 22:44:25',198,7,0),(146,29.5265,-95.5015,'2014-07-29 14:54:04',369,6,0),(147,29.8277,-95.2621,'2014-05-19 08:53:08',445,2,0),(148,29.5054,-95.2886,'2014-08-12 11:59:44',464,4,0),(149,29.6629,-95.0942,'2014-07-26 23:36:09',255,3,0),(150,29.9157,-95.5621,'2014-08-18 23:29:17',154,2,0),(151,29.8775,-95.1207,'2014-07-16 19:34:02',381,8,0),(152,29.9081,-95.5148,'2014-01-06 07:11:30',690,3,0),(153,29.9037,-95.3281,'2014-06-12 23:13:09',597,1,0),(154,29.6017,-95.4456,'2014-06-12 11:16:51',576,2,0),(155,29.667,-95.4336,'2014-03-03 13:39:12',617,2,0),(156,29.7158,-95.5103,'2014-07-25 23:06:11',617,8,0),(157,29.7672,-95.4572,'2014-03-29 00:53:46',32,5,0),(158,29.6051,-95.4341,'2014-05-04 10:20:47',101,1,0),(159,29.831,-95.262,'2014-04-18 08:03:50',344,3,0),(160,29.4908,-95.3886,'2014-03-20 06:09:48',563,8,0),(161,29.9541,-95.1548,'2014-03-15 05:50:37',682,4,0),(162,29.6829,-95.2556,'2014-03-31 04:33:47',687,2,0),(163,29.5552,-95.242,'2014-08-18 05:22:59',318,5,0),(164,29.6386,-95.1516,'2014-07-16 10:07:42',80,4,0),(165,29.6517,-95.3799,'2014-03-26 08:37:16',619,4,0),(166,29.9976,-95.3617,'2014-04-25 19:08:24',663,1,0),(167,29.8923,-95.2553,'2014-07-01 11:52:33',484,8,0),(168,29.6931,-95.1494,'2014-05-01 22:11:09',639,2,0),(169,29.8236,-95.1902,'2014-03-30 17:50:47',662,7,0),(170,29.6761,-95.6783,'2014-04-21 19:35:16',550,6,0),(171,29.7429,-95.6274,'2014-04-07 07:23:04',412,6,0),(172,29.7857,-95.5345,'2014-06-26 21:30:16',554,2,0),(173,29.7903,-95.5326,'2014-06-21 19:30:51',199,8,0),(174,29.7723,-95.369,'2014-06-27 06:24:08',423,4,0),(175,29.9363,-95.1654,'2014-05-31 04:44:08',690,6,0),(176,29.6011,-95.6389,'2014-03-15 04:15:09',367,1,0),(177,29.8249,-95.2771,'2014-07-11 07:06:12',41,2,0),(178,29.6983,-95.0992,'2014-03-29 14:27:38',390,3,0),(179,29.5406,-95.255,'2014-04-20 12:32:48',738,8,0),(180,29.8354,-95.6904,'2014-01-29 00:44:50',215,3,0),(181,29.7769,-95.1548,'2014-05-17 14:57:29',319,4,0),(182,29.6622,-95.4377,'2014-03-23 15:13:09',159,2,0),(183,30.0022,-95.1912,'2014-03-16 19:12:58',619,6,0),(184,29.8322,-95.3309,'2014-06-10 20:32:27',380,3,0),(185,29.7488,-95.4702,'2014-01-26 21:05:05',247,3,0),(186,29.7301,-95.0813,'2014-06-02 23:49:49',703,6,0),(187,29.5287,-95.5062,'2014-01-23 21:40:07',245,2,0),(188,29.7452,-95.5504,'2014-07-06 03:45:14',635,2,0),(189,29.7728,-95.1853,'2014-07-08 07:48:20',523,4,0),(190,29.5732,-95.2148,'2014-06-12 12:01:31',565,3,0),(191,29.8374,-95.6779,'2014-02-14 22:20:09',637,7,0),(192,29.8653,-95.2293,'2014-06-24 09:31:36',134,3,0),(193,29.5922,-95.238,'2014-08-16 14:27:55',187,6,0),(194,29.6344,-95.4731,'2014-06-28 19:16:31',155,7,0),(195,29.5453,-95.2202,'2014-01-29 15:05:49',88,2,0),(196,29.8478,-95.2045,'2014-03-30 19:45:29',537,5,0),(197,29.9682,-95.1642,'2014-08-06 08:47:24',584,1,0),(198,29.7505,-95.5109,'2014-04-13 10:41:46',344,1,0),(199,29.6641,-95.5068,'2014-06-30 11:44:25',109,5,0),(200,29.5903,-95.3068,'2014-07-01 11:45:37',35,1,0),(201,29.9146,-95.4418,'2014-08-18 06:15:55',541,3,0),(202,29.7098,-95.5322,'2014-06-06 09:20:32',193,7,0),(203,29.7792,-95.268,'2014-03-14 08:20:20',67,6,0),(204,29.6947,-95.3956,'2014-07-21 13:21:26',651,7,0),(205,29.7031,-95.6552,'2014-07-26 11:12:46',669,7,0),(206,29.76,-95.5482,'2014-05-15 21:29:43',637,7,0),(207,29.5838,-95.2849,'2014-07-14 18:37:03',142,1,0),(208,29.6639,-95.3066,'2014-03-28 12:38:14',360,4,0),(209,29.5583,-95.1995,'2014-06-18 10:31:32',170,1,0),(210,29.8303,-95.5706,'2014-02-21 07:15:10',526,8,0),(211,29.8704,-95.6073,'2014-03-24 18:50:44',360,3,0),(212,29.9301,-95.3541,'2014-08-06 14:44:38',294,4,0),(213,29.6236,-95.374,'2014-06-11 19:43:37',294,5,0),(214,29.7274,-95.1833,'2014-07-14 11:21:44',739,3,0),(215,29.5798,-95.4569,'2014-02-11 17:36:57',663,2,0),(216,29.7908,-95.5694,'2014-08-15 00:11:23',279,2,0),(217,29.7989,-95.4656,'2014-06-05 17:20:03',129,6,0),(218,29.9109,-95.2259,'2014-07-16 06:49:51',699,8,0),(219,29.7505,-95.5406,'2014-07-20 22:27:10',290,5,0),(220,29.6737,-95.5707,'2014-07-14 14:27:35',106,5,0),(221,29.7123,-95.0727,'2014-08-16 11:59:02',509,5,0),(222,29.5361,-95.4347,'2014-06-14 18:09:32',81,1,0),(223,29.9271,-95.29,'2014-06-21 21:08:20',340,1,0),(224,29.5581,-95.5762,'2014-01-23 12:42:46',751,4,0),(225,29.6628,-95.5116,'2014-05-16 05:25:37',613,1,0),(226,29.7453,-95.4455,'2014-07-05 23:31:42',4,6,0),(227,29.5763,-95.2567,'2014-02-18 23:13:39',151,4,0),(228,29.6813,-95.2883,'2014-01-26 03:39:43',642,3,0),(229,29.8442,-95.1607,'2014-03-13 18:54:45',690,6,0),(230,29.689,-95.1059,'2014-02-07 15:48:41',431,1,0),(231,29.933,-95.5176,'2014-01-27 18:51:33',554,2,0),(232,29.6064,-95.6075,'2014-06-09 15:47:06',463,1,0),(233,29.8603,-95.3721,'2014-02-22 14:31:43',684,7,0),(234,29.7556,-95.3661,'2014-04-21 08:47:08',584,2,0),(235,30.0269,-95.3741,'2014-03-08 20:26:48',422,7,0),(236,29.9289,-95.3424,'2014-06-12 14:14:59',71,7,0),(237,29.75,-95.2994,'2014-05-01 19:17:18',14,1,0),(238,29.8945,-95.2719,'2014-06-03 18:52:52',545,5,0),(239,29.7838,-95.6257,'2014-06-06 20:43:09',275,2,0),(240,29.5585,-95.6008,'2014-06-19 13:06:43',755,3,0),(241,29.51,-95.3094,'2014-06-11 21:06:38',578,1,0),(242,29.7344,-95.6667,'2014-07-29 15:00:06',504,8,0),(243,29.9498,-95.1403,'2014-08-06 02:29:17',711,5,0),(244,29.9905,-95.4992,'2014-08-09 06:40:03',170,6,0),(245,30.0002,-95.4177,'2014-03-15 20:18:51',499,2,0),(246,29.5607,-95.1926,'2014-05-07 12:34:42',234,8,0),(247,29.5265,-95.3743,'2014-02-02 17:06:05',9,4,0),(248,29.7267,-95.5711,'2014-01-08 02:44:17',441,7,0),(249,29.488,-95.4648,'2014-02-27 10:22:36',150,3,0),(250,29.5616,-95.3137,'2014-08-06 04:20:54',448,5,0),(251,29.838,-95.0528,'2014-08-12 21:44:53',393,3,0),(252,29.7797,-95.2367,'2014-01-11 17:55:26',18,3,0),(253,29.9881,-95.4514,'2014-02-13 09:10:02',501,3,0),(254,29.7331,-95.0557,'2014-07-16 18:54:41',310,5,0),(255,29.87,-95.5178,'2014-07-21 14:42:36',558,1,0),(256,29.5334,-95.5037,'2014-01-22 05:59:11',579,4,0),(257,29.5629,-95.1771,'2014-05-21 21:10:28',660,2,0),(258,29.5789,-95.4376,'2014-03-13 20:07:11',23,8,0),(259,29.7621,-95.5116,'2014-04-01 06:48:40',200,3,0),(260,29.8699,-95.2897,'2014-07-07 06:51:27',587,6,0),(261,29.8164,-95.167,'2014-01-24 21:22:51',734,4,0),(262,29.898,-95.3157,'2014-08-17 17:05:16',555,7,0),(263,30.0136,-95.3157,'2014-01-19 23:50:29',664,2,0),(264,29.8034,-95.3324,'2014-05-05 20:31:50',361,6,0),(265,29.712,-95.0531,'2014-05-27 01:17:20',207,5,0),(266,29.7683,-95.6176,'2014-04-01 16:53:50',558,8,0),(267,29.9747,-95.3637,'2014-05-10 03:15:02',47,4,0),(268,29.9225,-95.1389,'2014-03-11 05:48:06',628,4,0),(269,29.846,-95.5582,'2014-01-12 21:48:16',577,6,0),(270,29.7209,-95.6188,'2014-01-17 19:18:34',96,2,0),(271,29.6589,-95.2295,'2014-06-12 02:00:55',43,6,0),(272,29.7415,-95.4087,'2014-01-25 05:53:13',484,6,0),(273,29.9325,-95.4766,'2014-06-05 09:19:40',103,2,0),(274,29.5561,-95.5945,'2014-02-07 13:02:09',701,1,0),(275,29.696,-95.4028,'2014-04-29 16:16:11',274,6,0),(276,29.7744,-95.242,'2014-02-21 05:32:27',23,3,0),(277,29.8131,-95.3134,'2014-04-16 16:02:06',83,2,0),(278,29.6899,-95.4857,'2014-03-30 16:06:37',717,8,0),(279,29.848,-95.2047,'2014-05-29 16:27:14',24,4,0),(280,30.0483,-95.3687,'2014-01-28 02:08:15',541,2,0),(281,29.7602,-95.2484,'2014-06-02 10:18:45',101,2,0),(282,29.6745,-95.273,'2014-04-02 02:21:46',578,4,0),(283,29.6443,-95.3656,'2014-04-18 23:55:29',213,7,0),(284,29.6613,-95.0842,'2014-05-01 13:31:44',33,3,0),(285,29.631,-95.1687,'2014-02-01 20:06:52',95,2,0),(286,29.9292,-95.3304,'2014-01-11 05:27:16',714,4,0),(287,29.7381,-95.2774,'2014-03-03 00:05:44',315,7,0),(288,29.4815,-95.3485,'2014-02-21 16:30:20',474,7,0),(289,29.7908,-95.1132,'2014-08-05 06:30:44',370,7,0),(290,29.9564,-95.5485,'2014-04-18 08:20:23',553,3,0),(291,29.6219,-95.633,'2014-05-04 12:23:32',565,5,0),(292,29.9316,-95.1089,'2014-03-26 21:11:34',450,6,0),(293,29.9333,-95.4076,'2014-07-11 05:46:26',268,6,0),(294,30.0319,-95.4763,'2014-03-21 19:46:23',131,7,0),(295,29.7156,-95.3721,'2014-08-09 13:31:52',86,3,0),(296,29.8986,-95.6443,'2014-01-19 07:04:29',362,3,0),(297,29.5204,-95.4046,'2014-06-22 12:53:41',371,4,0),(298,29.6963,-95.4679,'2014-07-30 22:17:07',483,4,0),(299,29.7604,-95.6552,'2014-05-04 11:38:48',643,4,0),(300,29.6766,-95.3944,'2014-05-29 11:22:17',474,5,0),(301,29.8408,-95.0855,'2014-05-18 05:51:15',366,4,0),(302,29.7269,-95.6516,'2014-02-12 22:08:03',628,7,0),(303,29.4738,-95.3293,'2014-07-15 13:04:08',717,2,0),(304,29.8318,-95.3488,'2014-02-28 03:51:23',26,5,0),(305,29.5414,-95.3463,'2014-03-28 16:46:51',68,8,0),(306,29.7831,-95.4742,'2014-03-12 16:12:17',59,1,0),(307,29.8306,-95.1271,'2014-06-08 05:27:31',23,6,0),(308,29.9275,-95.2655,'2014-07-25 22:19:16',22,3,0),(309,29.9063,-95.6121,'2014-07-13 09:06:58',374,5,0),(310,29.7797,-95.6498,'2014-07-30 18:30:17',355,4,0),(311,29.8459,-95.3171,'2014-01-12 02:03:12',640,7,0),(312,29.5929,-95.3973,'2014-08-01 03:46:15',199,3,0),(313,29.9773,-95.2616,'2014-07-19 13:07:20',55,5,0),(314,29.8885,-95.2709,'2014-06-17 06:47:05',225,7,0),(315,29.6814,-95.6102,'2014-02-07 17:58:32',333,4,0),(316,29.5453,-95.4468,'2014-02-17 01:59:16',270,1,0),(317,29.4765,-95.32,'2014-02-09 12:57:30',737,6,0),(318,29.756,-95.3218,'2014-07-19 13:20:42',738,6,0),(319,29.5214,-95.4072,'2014-04-15 23:21:30',300,3,0),(320,29.9436,-95.3361,'2014-03-28 21:32:26',428,5,0),(321,29.705,-95.5056,'2014-04-19 12:41:45',285,4,0),(322,29.8318,-95.523,'2014-07-14 09:06:27',359,5,0),(323,29.9293,-95.3082,'2014-03-16 14:49:40',293,7,0),(324,29.527,-95.4425,'2014-07-12 12:31:50',529,4,0),(325,29.8167,-95.6426,'2014-04-15 11:11:32',6,2,0),(326,29.532,-95.3536,'2014-04-19 06:27:04',502,4,0),(327,29.7843,-95.5479,'2014-01-21 09:23:28',454,1,0),(328,29.5833,-95.4996,'2014-06-22 14:34:01',26,5,0),(329,29.7191,-95.6436,'2014-01-08 05:31:21',193,8,0),(330,29.6666,-95.3005,'2014-08-15 10:55:16',537,3,0),(331,29.8431,-95.2741,'2014-04-15 12:05:38',408,6,0),(332,29.9162,-95.3171,'2014-06-04 11:01:01',546,5,0),(333,29.5639,-95.1806,'2014-01-16 18:25:58',246,4,0),(334,30.0418,-95.364,'2014-02-20 04:54:34',372,6,0),(335,30.0156,-95.3767,'2014-03-17 21:04:23',299,7,0),(336,29.8924,-95.459,'2014-01-26 10:04:32',215,2,0),(337,29.5684,-95.1595,'2014-04-01 21:49:43',453,8,0),(338,29.6704,-95.1346,'2014-06-05 09:05:35',158,2,0),(339,29.6179,-95.3229,'2014-03-16 21:04:28',408,5,0),(340,29.9746,-95.4508,'2014-03-14 05:09:15',79,7,0),(341,29.4935,-95.3229,'2014-03-28 01:54:17',373,4,0),(342,30.0106,-95.2058,'2014-06-13 01:57:45',203,1,0),(343,29.88,-95.6172,'2014-04-06 23:43:49',225,7,0),(344,29.9804,-95.4384,'2014-05-17 17:21:22',673,8,0),(345,29.8648,-95.1656,'2014-01-27 09:30:16',511,1,0),(346,29.9482,-95.3272,'2014-02-13 22:15:36',239,2,0),(347,29.9925,-95.2513,'2014-05-16 23:40:37',623,2,0),(348,29.8058,-95.6721,'2014-02-20 01:06:17',356,7,0),(349,29.9054,-95.4058,'2014-07-18 22:50:38',61,4,0),(350,29.6376,-95.3821,'2014-07-05 18:28:46',433,4,0),(351,29.6144,-95.2577,'2014-06-13 13:40:50',212,1,0),(352,29.8454,-95.4411,'2014-06-10 05:53:00',596,8,0),(353,30.0142,-95.3692,'2014-04-01 16:11:37',364,3,0),(354,29.9399,-95.133,'2014-02-05 18:51:31',679,3,0),(355,29.894,-95.2715,'2014-06-14 05:31:43',720,2,0),(356,29.5575,-95.1997,'2014-08-09 19:38:46',478,4,0),(357,29.5978,-95.463,'2014-04-23 09:32:07',204,6,0),(358,29.7961,-95.6042,'2014-04-26 14:03:06',301,6,0),(359,30.009,-95.486,'2014-03-14 11:14:02',556,6,0),(360,29.9286,-95.4269,'2014-03-06 20:35:51',182,4,0),(361,29.6881,-95.6208,'2014-08-04 05:19:37',718,4,0),(362,29.9148,-95.5638,'2014-07-07 02:20:04',722,8,0),(363,29.636,-95.5653,'2014-08-14 22:13:32',465,7,0),(364,29.691,-95.1278,'2014-06-26 16:47:28',579,8,0),(365,29.94,-95.2959,'2014-08-12 02:44:26',556,3,0),(366,29.7567,-95.2114,'2014-06-03 00:18:44',60,7,0),(367,29.7179,-95.4539,'2014-07-30 23:34:50',65,2,0),(368,29.5948,-95.5123,'2014-03-09 01:02:51',664,3,0),(369,29.8753,-95.5508,'2014-07-17 17:05:19',422,1,0),(370,29.9608,-95.252,'2014-03-30 20:59:56',646,4,0),(371,29.711,-95.1522,'2014-04-04 21:01:43',441,5,0),(372,29.6967,-95.6912,'2014-07-26 05:15:44',490,2,0),(373,29.9384,-95.233,'2014-07-14 13:04:30',587,2,0),(374,29.753,-95.0481,'2014-05-01 05:01:22',640,3,0),(375,29.7905,-95.1115,'2014-05-14 17:32:21',579,5,0),(376,29.7276,-95.626,'2014-04-26 00:54:06',130,2,0),(377,29.6607,-95.3414,'2014-04-03 21:28:53',418,1,0),(378,29.561,-95.3576,'2014-07-16 16:28:04',425,6,0),(379,29.8903,-95.2427,'2014-02-28 03:21:31',715,5,0),(380,29.9302,-95.1594,'2014-02-23 18:20:44',50,5,0),(381,29.8992,-95.2484,'2014-04-09 17:50:08',260,8,0),(382,29.7364,-95.4684,'2014-06-17 06:51:59',493,2,0),(383,30.0253,-95.3701,'2014-06-10 03:03:39',424,8,0),(384,29.5584,-95.2906,'2014-07-02 17:19:55',96,4,0),(385,29.8155,-95.6265,'2014-07-10 07:27:27',380,2,0),(386,29.7228,-95.2071,'2014-07-21 08:29:33',424,2,0),(387,29.8532,-95.3012,'2014-03-09 19:49:24',451,5,0),(388,29.9188,-95.3102,'2014-06-10 22:38:17',125,5,0),(389,29.6805,-95.4736,'2014-08-13 15:11:00',364,1,0),(390,29.6919,-95.24,'2014-06-15 23:31:54',560,1,0),(391,29.5703,-95.1228,'2014-03-17 13:46:19',258,2,0),(392,29.7439,-95.636,'2014-06-23 07:03:06',318,7,0),(393,29.7417,-95.1763,'2014-01-26 09:47:49',166,5,0),(394,29.8834,-95.5132,'2014-02-25 19:41:32',729,7,0),(395,29.9014,-95.4028,'2014-01-26 02:09:05',93,8,0),(396,29.8762,-95.5555,'2014-06-14 07:48:43',439,4,0),(397,29.9288,-95.3321,'2014-06-10 09:49:58',543,6,0),(398,29.9631,-95.3918,'2014-06-15 19:19:52',199,7,0),(399,29.791,-95.494,'2014-05-02 16:03:34',519,7,0),(400,29.8226,-95.1765,'2014-03-31 18:15:03',538,1,0),(401,30.0129,-95.4197,'2014-02-06 23:33:11',18,5,0),(402,29.7366,-95.1727,'2014-07-12 02:44:45',718,5,0),(403,29.8427,-95.0796,'2014-03-29 23:16:28',749,8,0),(404,29.9799,-95.5228,'2014-07-26 07:53:11',124,5,0),(405,29.5867,-95.4708,'2014-08-04 03:26:57',378,3,0),(406,29.6888,-95.517,'2014-02-12 05:40:06',156,2,0),(407,29.8762,-95.2514,'2014-02-08 17:30:27',224,5,0),(408,29.6362,-95.161,'2014-06-28 05:58:01',676,5,0),(409,29.6451,-95.6555,'2014-01-16 02:37:03',267,8,0),(410,29.7577,-95.6937,'2014-06-14 21:24:38',40,7,0),(411,29.5996,-95.5801,'2014-03-21 02:08:25',348,1,0),(412,29.7651,-95.2164,'2014-06-28 06:24:22',380,3,0),(413,29.7844,-95.3872,'2014-02-17 17:57:09',427,8,0),(414,29.6637,-95.0727,'2014-02-27 22:10:03',418,4,0),(415,29.8252,-95.0727,'2014-01-10 03:39:07',658,6,0),(416,29.7003,-95.1454,'2014-08-02 02:33:55',252,1,0),(417,29.6725,-95.2994,'2014-08-14 05:45:28',616,7,0),(418,29.6899,-95.4645,'2014-03-18 08:20:51',95,3,0),(419,29.589,-95.1278,'2014-02-20 21:20:55',643,2,0),(420,29.8934,-95.5114,'2014-03-29 20:32:08',260,1,0),(421,29.6522,-95.0865,'2014-02-15 18:30:23',385,2,0),(422,29.6736,-95.0834,'2014-06-19 16:15:38',535,2,0),(423,29.9369,-95.6122,'2014-01-31 17:42:52',554,6,0),(424,29.8563,-95.5678,'2014-02-08 03:22:06',4,7,0),(425,29.9895,-95.4333,'2014-01-21 12:19:19',263,4,0),(426,29.8246,-95.056,'2014-08-03 10:55:02',234,1,0),(427,29.9679,-95.5766,'2014-01-11 19:44:01',535,4,0),(428,29.7595,-95.1134,'2014-01-22 00:31:06',439,8,0),(429,29.6335,-95.1291,'2014-03-15 17:53:31',252,1,0),(430,29.9136,-95.4444,'2014-07-14 01:14:07',30,1,0),(431,29.861,-95.6385,'2014-01-30 01:38:17',136,7,0),(432,29.8131,-95.3749,'2014-04-22 14:19:43',401,8,0),(433,29.7963,-95.453,'2014-07-08 23:00:25',17,2,0),(434,29.5761,-95.323,'2014-05-28 02:00:50',455,7,0),(435,29.5005,-95.228,'2014-01-07 23:38:28',670,1,0),(436,29.834,-95.6718,'2014-02-11 11:15:32',742,5,0),(437,29.7482,-95.4487,'2014-02-25 06:28:26',565,4,0),(438,29.8927,-95.1312,'2014-08-16 07:05:39',715,6,0),(439,29.9838,-95.2853,'2014-04-07 09:16:07',484,6,0),(440,29.5525,-95.4421,'2014-01-30 11:55:34',236,3,0),(441,29.8026,-95.6117,'2014-04-11 12:57:54',364,1,0),(442,29.6385,-95.4601,'2014-03-29 08:07:51',137,5,0),(443,29.8927,-95.4217,'2014-01-15 04:37:10',245,5,0),(444,29.5638,-95.3996,'2014-07-11 16:57:39',740,6,0),(445,29.8166,-95.6277,'2014-02-11 04:44:58',207,6,0),(446,29.8617,-95.3972,'2014-08-06 06:49:42',319,4,0),(447,29.8756,-95.213,'2014-03-26 10:53:44',300,1,0),(448,29.9705,-95.2509,'2014-06-15 17:11:22',626,1,0),(449,29.6554,-95.3888,'2014-06-02 22:16:31',487,4,0),(450,29.6465,-95.1316,'2014-08-04 05:35:06',541,7,0),(451,29.8821,-95.4114,'2014-03-18 20:56:44',272,1,0),(452,29.655,-95.6115,'2014-02-26 21:12:21',520,7,0),(453,29.9257,-95.3875,'2014-04-17 07:45:25',510,7,0),(454,29.8,-95.6504,'2014-03-31 01:24:41',705,6,0),(455,29.8333,-95.5065,'2014-03-29 16:12:02',386,8,0),(456,29.9239,-95.404,'2014-03-31 19:40:33',565,8,0),(457,29.5786,-95.3729,'2014-07-11 04:06:38',95,1,0),(458,29.839,-95.4447,'2014-04-07 02:39:35',75,7,0),(459,29.6002,-95.2286,'2014-05-27 02:54:36',5,8,0),(460,29.8504,-95.5676,'2014-03-19 09:10:31',85,3,0),(461,29.8067,-95.46,'2014-01-19 16:26:56',4,2,0),(462,29.7605,-95.6929,'2014-03-10 18:12:08',62,7,0),(463,29.5883,-95.2249,'2014-07-31 07:39:27',239,5,0),(464,29.923,-95.3647,'2014-07-17 07:14:06',287,3,0),(465,29.8963,-95.1025,'2014-03-16 22:20:35',128,7,0),(466,29.5943,-95.3269,'2014-06-27 10:31:30',89,2,0),(467,29.7354,-95.5994,'2014-07-22 21:53:40',331,3,0),(468,30.0232,-95.3783,'2014-02-01 17:22:14',392,3,0),(469,29.6173,-95.2595,'2014-08-06 16:05:02',634,8,0),(470,29.9425,-95.1494,'2014-02-01 17:22:58',607,5,0),(471,29.6525,-95.4569,'2014-04-15 11:53:20',19,3,0),(472,29.9962,-95.1963,'2014-03-11 16:25:32',358,8,0),(473,29.8575,-95.6384,'2014-05-17 12:31:51',395,2,0),(474,29.8794,-95.1761,'2014-06-16 10:54:53',657,6,0),(475,29.7894,-95.1171,'2014-06-13 05:33:31',417,1,0),(476,29.6536,-95.4349,'2014-06-21 03:51:08',176,8,0),(477,29.5689,-95.5504,'2014-03-22 06:36:43',332,4,0),(478,29.5273,-95.488,'2014-06-12 08:33:14',598,2,0),(479,29.873,-95.1462,'2014-02-15 15:46:14',503,4,0),(480,29.5945,-95.136,'2014-02-24 17:16:56',558,8,0),(481,29.7339,-95.5015,'2014-02-19 06:04:59',514,7,0),(482,29.8716,-95.6466,'2014-07-03 01:18:42',494,5,0),(483,29.785,-95.3631,'2014-07-25 16:28:34',710,1,0),(484,29.5116,-95.2507,'2014-01-14 00:55:50',378,8,0),(485,29.6464,-95.1442,'2014-04-04 06:24:19',614,8,0),(486,29.811,-95.4133,'2014-06-14 20:47:16',510,6,0),(487,29.9271,-95.6039,'2014-06-08 10:55:10',210,1,0),(488,29.6631,-95.5411,'2014-01-12 10:27:22',132,3,0),(489,29.8291,-95.2092,'2014-03-17 07:58:20',497,6,0),(490,29.899,-95.1717,'2014-08-02 01:56:29',375,2,0),(491,29.8451,-95.3487,'2014-05-31 14:47:36',622,5,0),(492,29.5403,-95.2928,'2014-03-02 07:26:33',5,6,0),(493,29.4794,-95.3184,'2014-06-29 12:04:15',370,2,0),(494,29.7994,-95.5569,'2014-05-10 09:32:30',310,5,0),(495,30.0064,-95.2171,'2014-01-26 21:44:25',378,3,0),(496,29.8644,-95.4762,'2014-01-10 14:52:37',536,5,0),(497,29.8373,-95.2833,'2014-03-18 10:31:28',442,3,0),(498,29.8252,-95.5428,'2014-04-14 02:38:50',566,6,0),(499,29.586,-95.2623,'2014-04-21 07:27:10',702,7,0),(500,29.6749,-95.6765,'2014-03-20 03:12:02',145,4,0),(501,29.9985,-95.516,'2014-08-18 15:56:22',742,5,0),(502,29.8575,-95.4074,'2014-04-18 11:38:07',638,2,0),(503,29.8189,-95.3018,'2014-03-22 18:16:29',702,5,0),(504,29.6538,-95.4517,'2014-06-13 09:08:24',80,7,0),(505,29.7251,-95.257,'2014-02-28 19:44:53',107,5,0),(506,29.6604,-95.4727,'2014-06-05 01:49:41',160,7,0),(507,29.5408,-95.4324,'2014-04-23 02:15:31',686,7,0),(508,29.963,-95.5507,'2014-01-11 08:32:23',271,7,0),(509,29.8262,-95.167,'2014-03-06 14:48:32',45,6,0),(510,29.6408,-95.6143,'2014-08-01 00:14:10',482,6,0),(511,29.634,-95.4175,'2014-04-17 22:29:21',747,2,0),(512,29.6633,-95.503,'2014-05-06 04:45:17',685,7,0),(513,29.7948,-95.1074,'2014-06-13 16:10:06',186,8,0),(514,29.6371,-95.1403,'2014-03-23 20:30:04',728,5,0),(515,29.701,-95.6693,'2014-02-06 01:21:15',535,6,0),(516,29.8512,-95.5509,'2014-04-10 16:06:17',163,5,0),(517,29.9224,-95.196,'2014-02-23 12:43:52',423,3,0),(518,29.6232,-95.5378,'2014-07-26 16:56:14',197,7,0),(519,29.6807,-95.6166,'2014-04-04 22:02:59',321,6,0),(520,29.5985,-95.3106,'2014-03-31 01:35:00',689,6,0),(521,29.8918,-95.4771,'2014-02-05 10:40:37',467,5,0),(522,29.7425,-95.2491,'2014-04-15 20:10:56',279,4,0),(523,29.838,-95.3015,'2014-07-24 14:43:45',407,6,0),(524,29.5642,-95.3136,'2014-01-27 21:31:26',148,2,0),(525,29.8878,-95.4128,'2014-02-21 18:43:41',22,5,0),(526,30.0312,-95.2617,'2014-02-25 10:52:43',635,7,0),(527,29.979,-95.5573,'2014-05-12 17:24:04',47,3,0),(528,29.9596,-95.325,'2014-06-20 07:28:07',382,3,0),(529,29.8675,-95.5968,'2014-01-23 21:13:09',225,5,0),(530,29.7024,-95.1496,'2014-04-11 07:12:17',603,2,0),(531,29.6404,-95.3248,'2014-05-06 12:04:44',37,8,0),(532,29.819,-95.5417,'2014-06-21 16:01:49',668,7,0),(533,29.5114,-95.4915,'2014-05-03 07:56:15',43,7,0),(534,29.9911,-95.5308,'2014-01-31 09:47:28',536,8,0),(535,29.4912,-95.4463,'2014-05-08 12:49:53',282,4,0),(536,29.7241,-95.0733,'2014-07-06 23:13:30',508,2,0),(537,29.4761,-95.326,'2014-04-21 19:30:04',738,1,0),(538,29.9155,-95.6502,'2014-01-11 18:13:45',71,4,0),(539,29.7778,-95.341,'2014-07-08 13:38:06',387,6,0),(540,29.5972,-95.4377,'2014-04-20 09:37:44',359,3,0),(541,29.9876,-95.3261,'2014-01-30 00:46:18',42,2,0),(542,29.7273,-95.3592,'2014-05-01 17:53:13',171,1,0),(543,29.8675,-95.1949,'2014-04-28 22:52:17',491,1,0),(544,29.5559,-95.5328,'2014-03-22 05:38:03',156,8,0),(545,29.7606,-95.3971,'2014-08-08 13:05:14',174,3,0),(546,29.8158,-95.4425,'2014-03-07 07:44:06',503,2,0),(547,29.9689,-95.2611,'2014-05-04 04:28:03',697,6,0),(548,29.9974,-95.3734,'2014-02-06 03:54:03',135,2,0),(549,29.8162,-95.077,'2014-06-25 04:08:24',459,6,0),(550,29.8222,-95.5421,'2014-06-19 03:52:35',60,7,0),(551,29.7989,-95.652,'2014-02-10 02:00:24',342,8,0),(552,29.6951,-95.1896,'2014-06-21 17:52:16',572,4,0),(553,29.7776,-95.496,'2014-01-23 07:11:00',645,8,0),(554,29.884,-95.502,'2014-02-11 00:25:31',360,1,0),(555,29.846,-95.6862,'2014-07-08 04:48:20',443,6,0),(556,29.9809,-95.3052,'2014-05-25 12:01:08',599,8,0),(557,29.7754,-95.3157,'2014-06-04 14:34:39',628,3,0),(558,29.6798,-95.6213,'2014-03-19 15:00:28',64,4,0),(559,29.7442,-95.2387,'2014-02-15 10:55:14',747,6,0),(560,29.7582,-95.4967,'2014-06-15 07:20:35',102,8,0),(561,29.7942,-95.6585,'2014-06-07 06:18:31',483,3,0),(562,29.8933,-95.6204,'2014-07-24 14:35:31',374,4,0),(563,29.5671,-95.5511,'2014-01-17 12:27:38',509,6,0),(564,29.7132,-95.0749,'2014-01-13 15:04:52',216,5,0),(565,29.8916,-95.328,'2014-04-09 15:02:31',519,4,0),(566,29.9819,-95.5599,'2014-04-02 11:38:02',25,1,0),(567,29.8339,-95.2378,'2014-05-21 17:13:09',299,7,0),(568,29.5019,-95.517,'2014-02-06 18:06:34',22,3,0),(569,29.7124,-95.1188,'2014-01-26 07:41:14',465,8,0),(570,29.5697,-95.2615,'2014-07-02 16:54:41',469,4,0),(571,29.6779,-95.1054,'2014-01-31 05:32:43',252,5,0),(572,29.8998,-95.533,'2014-02-22 04:48:52',406,6,0),(573,30.0406,-95.302,'2014-03-08 13:51:57',514,2,0),(574,29.8544,-95.3302,'2014-06-09 23:07:04',700,8,0),(575,29.6519,-95.0638,'2014-01-16 08:12:01',51,7,0),(576,29.7782,-95.174,'2014-05-02 16:05:20',24,1,0),(577,29.7306,-95.394,'2014-04-08 15:32:48',127,7,0),(578,29.6468,-95.2332,'2014-01-09 07:56:51',498,1,0),(579,29.7593,-95.654,'2014-06-10 01:23:28',156,2,0),(580,29.4802,-95.2977,'2014-01-24 21:55:48',644,5,0),(581,29.6682,-95.3868,'2014-05-20 10:18:28',649,7,0),(582,29.567,-95.2209,'2014-08-03 22:18:20',501,4,0),(583,29.8547,-95.5706,'2014-06-14 22:12:45',540,1,0),(584,29.8958,-95.4663,'2014-07-17 20:40:45',245,6,0),(585,29.7495,-95.4679,'2014-04-01 07:18:13',637,5,0),(586,29.7165,-95.2552,'2014-08-13 09:37:58',170,7,0),(587,30.0246,-95.4686,'2014-07-11 11:31:28',647,6,0),(588,29.5717,-95.2505,'2014-03-28 18:05:41',51,3,0),(589,29.5917,-95.2567,'2014-07-15 03:11:13',659,2,0),(590,29.6276,-95.3608,'2014-06-18 19:42:25',16,1,0),(591,29.7444,-95.1474,'2014-07-09 01:42:23',89,7,0),(592,29.7909,-95.491,'2014-01-18 16:30:08',338,6,0),(593,29.6651,-95.3795,'2014-02-18 13:48:38',696,1,0),(594,29.6031,-95.2812,'2014-03-03 08:08:40',633,8,0),(595,29.7779,-95.0406,'2014-06-23 13:27:26',73,7,0),(596,29.646,-95.2851,'2014-07-14 02:42:32',661,2,0),(597,29.913,-95.3563,'2014-03-16 16:36:13',46,1,0),(598,29.7495,-95.1096,'2014-05-26 21:50:13',545,3,0),(599,29.5377,-95.2127,'2014-03-08 18:49:53',27,7,0),(600,29.9971,-95.3555,'2014-01-19 09:23:03',702,6,0),(601,29.8199,-95.5705,'2014-06-01 15:01:06',194,4,0),(602,31.0865,-97.3344,'2017-06-17 03:50:52',24,0,0),(603,31.0924,-97.341,'2017-06-17 03:50:52',25,0,0),(604,31.1075,-97.3351,'2017-06-17 03:50:52',181,0,0),(605,31.1166,-97.3311,'2017-06-17 03:50:52',230,0,0),(606,31.107,-97.3612,'2017-06-17 03:50:52',259,0,0),(607,31.1142,-97.3441,'2017-06-17 03:50:52',266,0,0),(608,31.1096,-97.3359,'2017-06-17 03:50:52',311,0,0),(609,31.1108,-97.3417,'2017-06-17 03:50:52',346,0,0),(610,31.1155,-97.3231,'2017-06-17 03:50:52',366,0,0),(611,31.1111,-97.3612,'2017-06-17 03:50:52',376,0,0),(612,31.0969,-97.3649,'2017-06-17 03:50:52',24,0,0),(613,31.0753,-97.3366,'2017-06-17 03:50:52',25,0,0),(614,31.1059,-97.3518,'2017-06-17 03:50:52',181,0,0),(615,31.1172,-97.3677,'2017-06-17 03:50:52',230,0,0),(616,31.0858,-97.3199,'2017-06-17 03:50:52',259,0,0),(617,31.1086,-97.3182,'2017-06-17 03:50:52',266,0,0),(618,31.1094,-97.3151,'2017-06-17 03:50:52',311,0,0),(619,31.0886,-97.3398,'2017-06-17 03:50:52',346,0,0),(620,31.1147,-97.3195,'2017-06-17 03:50:52',366,0,0),(621,31.0874,-97.369,'2017-06-17 03:50:52',376,0,0),(622,31.1215,-97.3328,'2017-06-17 03:50:53',24,0,0),(623,31.1084,-97.3439,'2017-06-17 03:50:53',25,0,0),(624,31.1051,-97.317,'2017-06-17 03:50:53',181,0,0),(625,31.0835,-97.3707,'2017-06-17 03:50:53',230,0,0),(626,31.0988,-97.3434,'2017-06-17 03:50:53',259,0,0),(627,31.1167,-97.3534,'2017-06-17 03:50:53',266,0,0),(628,31.0949,-97.3284,'2017-06-17 03:50:53',311,0,0),(629,31.0871,-97.3209,'2017-06-17 03:50:53',346,0,0),(630,31.1054,-97.3666,'2017-06-17 03:50:53',366,0,0),(631,31.1216,-97.3509,'2017-06-17 03:50:53',376,0,0);
/*!40000 ALTER TABLE `locations` ENABLE KEYS */;
UNLOCK TABLES;

--
-- Table structure for table `sessions`
--

DROP TABLE IF EXISTS `sessions`;
/*!40101 SET @saved_cs_client     = @@character_set_client */;
/*!40101 SET character_set_client = utf8 */;
CREATE TABLE `sessions` (
  `session_id` varchar(40) NOT NULL DEFAULT '',
  `data` text,
  `csrf` text,
  `ip` varchar(40) DEFAULT NULL,
  `agent` varchar(255) DEFAULT NULL,
  `stamp` int(11) DEFAULT NULL,
  PRIMARY KEY (`session_id`)
) ENGINE=InnoDB DEFAULT CHARSET=latin1;
/*!40101 SET character_set_client = @saved_cs_client */;

--
-- Dumping data for table `sessions`
--

LOCK TABLES `sessions` WRITE;
/*!40000 ALTER TABLE `sessions` DISABLE KEYS */;
INSERT INTO `sessions` VALUES ('39koejs88b72dvvl97ejooub03','session_id|s:0:\"\";username|s:11:\"jolivetteme\";firstname|s:8:\"Mitchell\";lastname|s:9:\"Jolivette\";CompanyID|s:1:\"1\";loggedIn|b:1;CompanyName|s:9:\"ShoyaFood\";',NULL,'172.21.0.1','Mozilla/5.0 (X11; Linux x86_64) AppleWebKit/537.36 (KHTML, like Gecko) Chrome/59.0.3071.104 Safari/537.36',1497999210),('41kcpsdf5snh49ofmm9qg4kvi4','session_id|s:26:\"41kcpsdf5snh49ofmm9qg4kvi4\";loggedIn|b:1;username|s:9:\"agonzalez\";firstname|s:6:\"George\";lastname|s:6:\"Greene\";CompanyID|s:2:\"10\";CompanyName|s:7:\"Wordify\";','0ed4sucf9gn.0a3ljh4lauj','192.168.56.101','Mozilla/5.0 (Windows NT 6.2; WOW64) AppleWebKit/537.36 (KHTML, like Gecko) Chrome/38.0.2125.111 Safari/537.36',1415303689),('487480ge0qfmf78fuk4cg76h31','session_id|s:0:\"\";',NULL,'172.21.0.1','Mozilla/5.0 (X11; Linux x86_64) AppleWebKit/537.36 (KHTML, like Gecko) Chrome/59.0.3071.104 Safari/537.36',1498046040),('6lf2bf3tqrheq9amrkac8i90f6','session_id|s:0:\"\";loggedIn|b:1;username|s:11:\"jolivetteme\";firstname|s:8:\"Mitchell\";lastname|s:9:\"Jolivette\";CompanyID|s:1:\"1\";CompanyName|s:9:\"ShoyaFood\";',NULL,'172.21.0.1','Mozilla/5.0 (X11; Linux x86_64) AppleWebKit/537.36 (KHTML, like Gecko) Chrome/59.0.3071.104 Safari/537.36',1497707926),('9jvhp9cgv8aql5ts0akr2flrs1','',NULL,'172.21.0.1','Mozilla/5.0 (iPhone; CPU iPhone OS 9_1 like Mac OS X) AppleWebKit/601.1.46 (KHTML, like Gecko) Version/9.0 Mobile/13B143 Safari/601.1',1497113037),('a8s5smvg063lvuj9t9uo8i93e3','session_id|s:0:\"\";',NULL,'172.21.0.1','Mozilla/5.0 (X11; Linux x86_64) AppleWebKit/537.36 (KHTML, like Gecko) Chrome/59.0.3071.104 Safari/537.36',1497997688),('arts6ucgrsm2rvb0codd8trcv6','session_id|s:0:\"\";username|s:11:\"jolivetteme\";firstname|s:8:\"Mitchell\";lastname|s:9:\"Jolivette\";CompanyID|s:1:\"1\";loggedIn|b:1;CompanyName|s:9:\"ShoyaFood\";',NULL,'172.21.0.1','Mozilla/5.0 (X11; Linux x86_64) AppleWebKit/537.36 (KHTML, like Gecko) Ubuntu Chromium/58.0.3029.110 Chrome/58.0.3029.110 Safari/537.36',1497672031),('ck1gs6o8v2sfh2ud85lhg3h4k2','session_id|s:0:\"\";username|s:11:\"jolivetteme\";firstname|s:8:\"Mitchell\";lastname|s:9:\"Jolivette\";CompanyID|s:1:\"1\";loggedIn|b:1;CompanyName|s:9:\"ShoyaFood\";',NULL,'172.21.0.1','Mozilla/5.0 (X11; Linux x86_64) AppleWebKit/537.36 (KHTML, like Gecko) Chrome/59.0.3071.104 Safari/537.36',1497799270),('dn7be1h2o094enef1ajisci0e4','session_id|s:0:\"\";username|s:11:\"jolivetteme\";firstname|s:8:\"Mitchell\";lastname|s:9:\"Jolivette\";CompanyID|s:1:\"1\";loggedIn|b:1;CompanyName|s:9:\"ShoyaFood\";',NULL,'172.21.0.1','Mozilla/5.0 (X11; Linux x86_64) AppleWebKit/537.36 (KHTML, like Gecko) Chrome/58.0.3029.110 Safari/537.36',1496636432),('eaqcs05g81cc8ksfs0hh73jca2','session_id|s:0:\"\";',NULL,'172.21.0.1','Mozilla/5.0 (X11; Linux x86_64) AppleWebKit/537.36 (KHTML, like Gecko) Chrome/59.0.3071.104 Safari/537.36',1497997688),('gllqv0qnqtv0tgai3o7i8vu9g3','session_id|s:0:\"\";',NULL,'172.21.0.1','Mozilla/5.0 (X11; Linux x86_64) AppleWebKit/537.36 (KHTML, like Gecko) Ubuntu Chromium/58.0.3029.110 Chrome/58.0.3029.110 Safari/537.36',1497724970),('gvmgsm5lj0fi2s54sa7dhk9nn7','session_id|s:0:\"\";username|s:11:\"jolivetteme\";firstname|s:8:\"Mitchell\";lastname|s:9:\"Jolivette\";CompanyID|s:1:\"1\";loggedIn|b:1;CompanyName|s:9:\"ShoyaFood\";',NULL,'172.21.0.1','Mozilla/5.0 (X11; Linux x86_64) AppleWebKit/537.36 (KHTML, like Gecko) Chrome/58.0.3029.110 Safari/537.36',1497540947),('ia4roo6hg3u62tgndlubh61dj3','session_id|s:0:\"\";username|s:11:\"jolivetteme\";firstname|s:8:\"Mitchell\";lastname|s:9:\"Jolivette\";CompanyID|s:1:\"1\";loggedIn|b:1;CompanyName|s:9:\"ShoyaFood\";',NULL,'172.21.0.1','Mozilla/5.0 (X11; Linux x86_64) AppleWebKit/537.36 (KHTML, like Gecko) Chrome/59.0.3071.115 Safari/537.36',1498794470),('imrvqnsuh975j9i6nuq90fe2s3','session_id|s:0:\"\";',NULL,'172.21.0.1','Mozilla/5.0 (X11; Linux x86_64) AppleWebKit/537.36 (KHTML, like Gecko) Chrome/59.0.3071.104 Safari/537.36',1497997688),('lm8sj1b9c2046ij7k4ib59bbi1','session_id|s:26:\"lm8sj1b9c2046ij7k4ib59bbi1\";loggedIn|b:1;username|s:11:\"jolivetteme\";firstname|s:8:\"Mitchell\";lastname|s:9:\"Jolivette\";CompanyID|s:1:\"1\";CompanyName|s:8:\"Smartgun\";','0ed4sucf9gn.0gdpao2cjxz','192.168.56.101','Mozilla/5.0 (Windows NT 6.2; WOW64) AppleWebKit/537.36 (KHTML, like Gecko) Chrome/39.0.2171.95 Safari/537.36',1420244227),('loh9lmuocbm5nqst2p1e710p82','session_id|s:0:\"\";username|s:5:\"admin\";firstname|N;lastname|N;CompanyID|s:1:\"1\";loggedIn|b:1;CompanyName|s:9:\"ShoyaFood\";',NULL,'172.21.0.1','Mozilla/5.0 (X11; Linux x86_64) AppleWebKit/537.36 (KHTML, like Gecko) Chrome/58.0.3029.110 Safari/537.36',1497578362),('m5bqq42c4199041483rgtbf2j2','session_id|s:0:\"\";username|s:11:\"jolivetteme\";firstname|s:8:\"Mitchell\";lastname|s:9:\"Jolivette\";CompanyID|s:1:\"1\";loggedIn|b:1;CompanyName|s:9:\"ShoyaFood\";',NULL,'172.21.0.1','Mozilla/5.0 (iPhone; CPU iPhone OS 9_1 like Mac OS X) AppleWebKit/601.1.46 (KHTML, like Gecko) Version/9.0 Mobile/13B143 Safari/601.1',1497113052),('m5m0qig76omc11s3f5gd575360','session_id|s:26:\"m5m0qig76omc11s3f5gd575360\";loggedIn|b:1;username|s:8:\"pschmidt\";firstname|s:7:\"Kathryn\";lastname|s:6:\"Romero\";CompanyID|s:2:\"13\";CompanyName|s:5:\"Rooxo\";','0ed4sucf9gn.22uzgr32rrh3','192.168.56.101','Mozilla/5.0 (Windows NT 6.2; WOW64) AppleWebKit/537.36 (KHTML, like Gecko) Chrome/38.0.2125.111 Safari/537.36',1415208657),('o1otmde78r79olcs5anv5uakj0','session_id|s:0:\"\";username|s:11:\"jolivetteme\";firstname|s:8:\"Mitchell\";lastname|s:9:\"Jolivette\";CompanyID|s:1:\"1\";loggedIn|b:1;',NULL,'172.21.0.1','Mozilla/5.0 (X11; Linux x86_64) AppleWebKit/537.36 (KHTML, like Gecko) Chrome/59.0.3071.104 Safari/537.36',1498051927),('ptcnlp943q31mi6htjc1knk3s1','session_id|s:0:\"\";',NULL,'172.21.0.1','Mozilla/5.0 (X11; Linux x86_64) AppleWebKit/537.36 (KHTML, like Gecko) Chrome/59.0.3071.104 Safari/537.36',1498046370),('t2t9otd961pijfkhtei6ptr1d4','session_id|s:0:\"\";username|s:11:\"jolivetteme\";firstname|s:8:\"Mitchell\";lastname|s:9:\"Jolivette\";CompanyID|s:1:\"1\";loggedIn|b:1;CompanyName|s:9:\"ShoyaFood\";',NULL,'172.21.0.1','Mozilla/5.0 (X11; Linux x86_64) AppleWebKit/537.36 (KHTML, like Gecko) Chrome/58.0.3029.110 Safari/537.36',1497571279),('up1eq5trvik1jf592jp8hirvj4','session_id|s:0:\"\";username|s:11:\"jolivetteme\";firstname|s:8:\"Mitchell\";lastname|s:9:\"Jolivette\";CompanyID|s:1:\"1\";loggedIn|b:1;CompanyName|s:9:\"ShoyaFood\";',NULL,'172.21.0.1','Mozilla/5.0 (X11; Linux x86_64) AppleWebKit/537.36 (KHTML, like Gecko) Chrome/59.0.3071.115 Safari/537.36',1499036017),('vch0lbuarm094k56njqt8h5ot5','session_id|s:0:\"\";loggedIn|b:1;username|s:11:\"jolivetteme\";firstname|s:8:\"Mitchell\";lastname|s:9:\"Jolivette\";CompanyID|s:1:\"1\";CompanyName|s:9:\"ShoyaFood\";',NULL,'172.21.0.1','Mozilla/5.0 (X11; Linux x86_64) AppleWebKit/537.36 (KHTML, like Gecko) Chrome/59.0.3071.104 Safari/537.36',1498051323);
/*!40000 ALTER TABLE `sessions` ENABLE KEYS */;
UNLOCK TABLES;

--
-- Table structure for table `status`
--

DROP TABLE IF EXISTS `status`;
/*!40101 SET @saved_cs_client     = @@character_set_client */;
/*!40101 SET character_set_client = utf8 */;
CREATE TABLE `status` (
  `id` int(10) unsigned NOT NULL AUTO_INCREMENT,
  `name` varchar(45) NOT NULL,
  `description` varchar(255) NOT NULL,
  `code` varchar(255) NOT NULL,
  `deleted` tinyint(1) NOT NULL,
  PRIMARY KEY (`id`)
) ENGINE=InnoDB AUTO_INCREMENT=9 DEFAULT CHARSET=latin1;
/*!40101 SET character_set_client = @saved_cs_client */;

--
-- Dumping data for table `status`
--

LOCK TABLES `status` WRITE;
/*!40000 ALTER TABLE `status` DISABLE KEYS */;
INSERT INTO `status` VALUES (1,'Inactive','Vehicle is inactive. No status at this time.','btn-default',0),(2,'Normal','Enroute to Job','btn-primary',0),(3,'Success','Job Finished, we\'re headed home.','btn-success',0),(4,'Info','Please Check Engine.','btn-info',0),(5,'Warning','Tire Pressure is not even.','btn-warning',0),(6,'Danger','Speed to high.','btn-danger',0),(7,'Danger','Collision','btn-danger',0),(8,'Warning','Engine temp is above normal, but not hot.','btn-warning',0);
/*!40000 ALTER TABLE `status` ENABLE KEYS */;
UNLOCK TABLES;

--
-- Table structure for table `status_type`
--

DROP TABLE IF EXISTS `status_type`;
/*!40101 SET @saved_cs_client     = @@character_set_client */;
/*!40101 SET character_set_client = utf8 */;
CREATE TABLE `status_type` (
  `id` int(10) unsigned NOT NULL AUTO_INCREMENT,
  `name` varchar(255) NOT NULL,
  PRIMARY KEY (`id`)
) ENGINE=InnoDB AUTO_INCREMENT=7 DEFAULT CHARSET=latin1;
/*!40101 SET character_set_client = @saved_cs_client */;

--
-- Dumping data for table `status_type`
--

LOCK TABLES `status_type` WRITE;
/*!40000 ALTER TABLE `status_type` DISABLE KEYS */;
INSERT INTO `status_type` VALUES (1,'Job'),(2,'Truck'),(3,'Location'),(4,'Company'),(5,'Client'),(6,'Login');
/*!40000 ALTER TABLE `status_type` ENABLE KEYS */;
UNLOCK TABLES;

--
-- Table structure for table `trucks`
--

DROP TABLE IF EXISTS `trucks`;
/*!40101 SET @saved_cs_client     = @@character_set_client */;
/*!40101 SET character_set_client = utf8 */;
CREATE TABLE `trucks` (
  `id` int(10) unsigned NOT NULL AUTO_INCREMENT,
  `id_company` int(10) unsigned NOT NULL,
  `id_truck_status` int(10) unsigned NOT NULL,
  `name` varchar(255) NOT NULL,
  PRIMARY KEY (`id`)
) ENGINE=InnoDB AUTO_INCREMENT=760 DEFAULT CHARSET=latin1;
/*!40101 SET character_set_client = @saved_cs_client */;

--
-- Dumping data for table `trucks`
--

LOCK TABLES `trucks` WRITE;
/*!40000 ALTER TABLE `trucks` DISABLE KEYS */;
INSERT INTO `trucks` VALUES (1,14,6,'Mark'),(2,21,7,'Louise'),(3,24,6,'Edward'),(4,45,3,'Barbara'),(5,18,7,'Matthew'),(6,10,6,'Wayne'),(7,34,6,'Julia'),(8,12,7,'Harold'),(9,46,5,'Willie'),(10,22,2,'Brenda'),(11,39,5,'Betty'),(12,14,7,'Cynthia'),(13,6,4,'Ann'),(14,15,3,'Clarence'),(15,16,5,'Jean'),(16,5,2,'Kathy'),(17,14,4,'Susan'),(18,49,7,'Roger'),(19,8,1,'George'),(20,35,2,'Sandra'),(21,7,4,'Jason'),(22,2,1,'Nancy'),(23,30,8,'Brian'),(24,1,7,'Harold Melvin & The Blue Notes'),(25,1,3,'Kelly'),(26,7,3,'Amanda'),(27,20,2,'Martin'),(28,40,5,'Amy'),(29,43,5,'Marie'),(30,35,2,'Debra'),(31,27,7,'Joe'),(32,50,2,'Daniel'),(33,33,6,'Pamela'),(34,9,7,'James'),(35,43,1,'David'),(36,24,6,'Ruby'),(37,15,8,'Paul'),(38,35,5,'Marie'),(39,37,1,'Andrew'),(40,33,3,'Mark'),(41,50,8,'Bobby'),(42,7,8,'Jessica'),(43,49,4,'Diana'),(44,20,4,'Mildred'),(45,7,4,'Anna'),(46,18,1,'Julie'),(47,49,1,'Bobby'),(48,38,6,'Joan'),(49,3,3,'Andrew Dodson'),(50,23,1,'Benjamin'),(107,35,2,'Eugene'),(108,22,5,'Jose'),(109,41,7,'Justin'),(110,38,4,'Todd'),(111,2,7,'Jeffrey'),(112,46,7,'Lori'),(113,36,8,'Howard'),(114,30,5,'Ashley'),(115,31,3,'Mark'),(116,26,3,'Nicholas'),(117,17,8,'Phyllis'),(118,44,5,'Andrew'),(119,3,3,'Howard'),(120,18,7,'Raymond'),(121,14,2,'Donna'),(122,48,7,'Marilyn'),(123,9,3,'Pamela'),(124,34,1,'Steve'),(125,30,7,'Heather'),(126,10,1,'Wanda'),(127,40,4,'Julia'),(128,48,8,'Thomas'),(129,11,8,'Chris'),(130,20,7,'Antonio'),(131,25,4,'Kenneth'),(132,6,4,'Evelyn'),(133,23,4,'Joshua'),(134,12,6,'Beverly'),(135,25,3,'Sara'),(136,10,3,'Bruce'),(137,34,2,'Mark'),(138,6,8,'Stephanie'),(139,45,2,'Juan'),(140,18,3,'Christina'),(141,35,5,'Craig'),(142,36,6,'Emily'),(143,5,6,'Denise'),(144,24,2,'Patricia'),(145,10,7,'Craig'),(146,13,3,'Johnny'),(147,44,6,'Julia'),(148,2,4,'Joe'),(149,38,6,'Frances'),(150,33,2,'Rachel'),(151,11,1,'Andrew'),(152,31,8,'Kathryn'),(153,22,8,'Louis'),(154,10,7,'Gerald'),(155,18,2,'Charles'),(156,48,5,'Andrea'),(157,17,6,'Norma'),(158,15,4,'Willie'),(159,2,8,'Jessica'),(160,7,6,'Andrea'),(161,36,5,'Steve'),(162,19,8,'Joan'),(163,43,4,'Louis'),(164,40,7,'Todd'),(165,19,5,'Peter'),(166,41,8,'Victor'),(167,29,5,'Helen'),(168,21,2,'Martin'),(169,20,5,'Martin'),(170,37,1,'Laura'),(171,44,5,'Joyce'),(172,31,5,'Peter'),(173,33,1,'Kenneth'),(174,32,6,'Cynthia'),(175,25,1,'Mary'),(176,20,2,'Jeffrey'),(177,11,1,'Dennis'),(178,13,3,'Billy'),(179,30,6,'Russell'),(180,45,6,'Maria'),(181,1,6,'Ruth'),(182,33,4,'Judy'),(183,11,3,'Maria'),(184,17,2,'Catherine'),(185,43,2,'Carolyn'),(186,30,1,'Andrea'),(187,2,6,'Donald'),(188,13,4,'Norma'),(189,4,1,'Billy'),(190,7,4,'Carolyn'),(191,26,1,'Eric'),(192,12,1,'Harry'),(193,13,6,'Ronald'),(194,7,8,'Barbara'),(195,28,4,'Kathy'),(196,16,8,'Barbara'),(197,50,2,'Marie'),(198,24,6,'Samuel'),(199,16,5,'Joan'),(200,5,2,'Joshua'),(201,44,6,'Shawn'),(202,15,4,'Stephen'),(203,15,2,'Eugene'),(204,32,8,'Debra'),(205,37,6,'Todd'),(206,34,3,'Chris'),(207,36,1,'Kimberly'),(208,35,6,'Jason'),(209,17,4,'Sharon'),(210,46,1,'Sean'),(211,29,4,'Jesse'),(212,25,5,'Andrew'),(213,18,3,'Joan'),(214,13,8,'Sarah'),(215,31,4,'Lois'),(216,36,6,'Fred'),(217,23,2,'Barbara'),(218,26,6,'Lori'),(219,48,2,'Anne'),(220,5,5,'Jerry'),(221,20,8,'Andrea'),(222,24,2,'Phillip'),(223,45,7,'Jerry'),(224,11,5,'Catherine'),(225,31,5,'Amanda'),(226,36,6,'Alan'),(227,30,2,'Christine'),(228,32,3,'Shawn'),(229,24,6,'Judy'),(230,1,7,'Joshua'),(231,20,8,'Sean'),(232,2,4,'Phillip'),(233,10,5,'Lillian'),(234,11,1,'Joseph'),(235,14,1,'Mary'),(236,40,1,'Elizabeth'),(237,32,2,'Dorothy'),(238,17,4,'Shirley'),(239,18,7,'Robert'),(240,41,3,'Justin'),(241,7,7,'Helen'),(242,26,1,'Tammy'),(243,14,5,'Walter'),(244,7,8,'Debra'),(245,32,7,'Barbara'),(246,10,6,'Martha'),(247,19,5,'Ruth'),(248,50,6,'Jason'),(249,35,4,'Howard'),(250,17,8,'Sean'),(251,37,4,'Gregory'),(252,9,3,'Sandra'),(253,29,8,'Thomas'),(254,21,5,'Donald'),(255,33,5,'Harold'),(256,45,7,'Timothy'),(257,8,6,'Stephen'),(258,45,1,'Rachel'),(259,1,2,'Catherine'),(260,16,4,'Amy'),(261,40,4,'Ashley'),(262,47,8,'Jean'),(263,20,3,'Earl'),(264,5,2,'William'),(265,2,8,'Rose'),(266,1,7,'Carolyn'),(267,16,6,'Tina'),(268,12,4,'Ernest'),(269,2,6,'Alan'),(270,4,3,'Pamela'),(271,40,6,'Howard'),(272,20,8,'Diane'),(273,33,7,'Evelyn'),(274,26,6,'Jeremy'),(275,24,4,'Martha'),(276,27,8,'Judy'),(277,34,3,'Raymond'),(278,49,7,'Maria'),(279,42,8,'Julia'),(280,22,4,'Kimberly'),(281,16,5,'Howard'),(282,2,6,'Karen'),(283,10,1,'Kathleen'),(284,33,8,'Julie'),(285,9,8,'Frances'),(286,38,3,'Stephen'),(287,2,4,'Andrew'),(288,48,6,'Richard'),(289,40,1,'Jack'),(290,2,7,'Joan'),(291,24,4,'Theresa'),(292,13,1,'Emily'),(293,2,3,'Phyllis'),(294,14,3,'Roger'),(295,22,7,'Victor'),(296,14,3,'Harold'),(297,45,2,'Linda'),(298,32,1,'Benjamin'),(299,5,8,'Judy'),(300,24,3,'Jessica'),(301,15,6,'Nancy'),(302,35,8,'Martin'),(303,27,2,'Jessica'),(304,38,5,'Steven'),(305,13,4,'Helen'),(306,16,8,'Matthew'),(307,35,7,'Wanda'),(308,4,6,'Gloria'),(309,15,1,'Fred'),(310,15,1,'George'),(311,1,4,'Tina'),(312,23,2,'Judith'),(313,39,4,'Linda'),(314,8,8,'Chris'),(315,42,2,'Shirley'),(316,2,2,'Carolyn'),(317,41,6,'Kelly'),(318,26,5,'Johnny'),(319,41,3,'Terry'),(320,23,8,'Tina'),(321,47,5,'Kimberly'),(322,7,6,'Deborah'),(323,49,8,'Mildred'),(324,42,8,'Harry'),(325,5,2,'Beverly'),(326,41,2,'Cheryl'),(327,36,1,'Ann'),(328,11,7,'Jack'),(329,48,7,'Lillian'),(330,47,5,'Lillian'),(331,32,1,'Emily'),(332,28,8,'Jeffrey'),(333,36,6,'Howard'),(334,38,7,'Evelyn'),(335,21,7,'Raymond'),(336,44,2,'Ruby'),(337,50,5,'Judith'),(338,42,3,'Joyce'),(339,18,2,'Raymond'),(340,49,5,'Dorothy'),(341,39,1,'Gerald'),(342,17,6,'Scott'),(343,48,5,'Todd'),(344,8,4,'Billy'),(345,2,8,'Brenda'),(346,1,2,'Phillip'),(347,14,2,'Kevin'),(348,50,7,'Joshua'),(349,29,4,'Richard'),(350,5,2,'Sharon'),(351,39,2,'Roger'),(352,34,3,'Robert'),(353,50,5,'Rebecca'),(354,3,1,'Martin'),(355,19,1,'Harry'),(356,37,7,'Earl'),(357,15,6,'Henry'),(358,19,4,'Matthew'),(359,11,6,'Julia'),(360,46,6,'Tammy'),(361,42,1,'Walter'),(362,24,7,'Ralph'),(363,18,4,'Thomas'),(364,4,1,'Benjamin'),(365,39,6,'Marilyn'),(366,1,4,'Nancy'),(367,17,5,'Janet'),(368,13,5,'Elizabeth'),(369,27,1,'Kathy'),(370,16,2,'Anthony'),(371,29,8,'Jessica'),(372,24,6,'Katherine'),(373,31,5,'Jimmy'),(374,26,8,'Joe'),(375,45,4,'Julie'),(376,1,3,'Catherine'),(377,37,7,'Norma'),(378,18,8,'Kathleen'),(379,37,3,'Gregory'),(380,28,1,'Maria'),(381,30,5,'Willie'),(382,13,1,'Susan'),(383,22,8,'Carlos'),(384,20,4,'Jacqueline'),(385,34,8,'Joseph'),(386,38,2,'Tammy'),(387,48,5,'Alan'),(388,50,7,'Janet'),(389,18,7,'Benjamin'),(390,49,1,'Nicholas'),(391,30,5,'Carolyn'),(392,43,7,'Bobby'),(393,47,3,'David'),(394,30,2,'Heather'),(395,30,7,'Sean'),(396,6,6,'Jason'),(397,37,6,'Joseph'),(398,42,1,'Philip'),(399,34,8,'Ralph'),(400,36,8,'Robert'),(401,28,4,'Benjamin'),(402,12,4,'Stephanie'),(403,27,6,'Jesse'),(404,9,5,'Lori'),(405,19,2,'Jonathan'),(406,38,1,'George'),(407,17,1,'Gloria'),(408,36,8,'Stephanie'),(409,10,3,'Diana'),(410,40,8,'Nicholas'),(411,20,5,'Kelly'),(412,36,3,'Shawn'),(413,15,7,'Nicholas'),(414,9,2,'Ann'),(415,36,4,'Lisa'),(416,1,8,'Bobby'),(417,3,6,'Carolyn'),(418,22,7,'Kevin'),(419,7,7,'Ernest'),(420,9,2,'Dorothy'),(421,40,3,'Rose'),(422,8,5,'Andrea'),(423,36,6,'Jacqueline'),(424,49,3,'Beverly'),(425,44,7,'Mark'),(426,32,2,'Marilyn'),(427,43,3,'Tammy'),(428,5,6,'Brian'),(429,28,1,'Todd'),(430,39,5,'Craig'),(431,5,5,'Patrick'),(432,1,8,'Diana'),(433,12,3,'Angela'),(434,1,4,'Jerry'),(435,24,8,'Nicole'),(436,19,8,'Sarah'),(437,5,6,'Jonathan'),(438,39,5,'Lillian'),(439,44,3,'Tina'),(440,9,6,'Joyce'),(441,3,7,'Mildred'),(442,47,8,'Edward'),(443,25,3,'Victor'),(444,21,5,'Brian'),(445,50,1,'Timothy'),(446,24,6,'Katherine'),(447,32,1,'Ann'),(448,1,1,'Gerald'),(449,6,1,'Adam'),(450,27,2,'Marie'),(451,6,5,'Steve'),(452,20,5,'Jimmy'),(453,31,5,'Henry'),(454,39,2,'Donna'),(455,33,1,'Kathryn'),(456,46,4,'Donna'),(457,22,2,'Terry'),(458,7,8,'Nancy'),(459,25,1,'Ruby'),(460,1,7,'Sara'),(461,29,1,'Shawn'),(462,4,5,'Maria'),(463,48,1,'Stephanie'),(464,2,8,'Richard'),(465,35,6,'Cheryl'),(466,22,8,'Russell'),(467,24,7,'Jean'),(468,20,4,'Joshua'),(469,12,5,'Timothy'),(470,18,3,'Antonio'),(471,20,4,'Patricia'),(472,36,3,'Samuel'),(473,2,5,'Stephanie'),(474,41,2,'Kimberly'),(475,10,3,'Ralph'),(476,31,6,'Beverly'),(477,48,5,'Charles'),(478,1,3,'Eric'),(479,49,8,'Rose'),(480,17,6,'Mary'),(481,32,2,'Sharon'),(482,37,3,'Christine'),(483,26,5,'David'),(484,16,1,'Norma'),(485,23,3,'Patricia'),(486,45,7,'Ann'),(487,16,1,'Karen'),(488,17,4,'Jerry'),(489,44,5,'Dennis'),(490,39,4,'Maria'),(491,24,3,'Jerry'),(492,26,7,'Joe'),(493,35,8,'Jimmy'),(494,32,6,'Frances'),(495,32,5,'Christina'),(496,12,7,'Steven'),(497,42,4,'Mary'),(498,19,4,'Carlos'),(499,17,4,'Phillip'),(500,4,3,'George'),(501,37,1,'Kathy'),(502,44,8,'Terry'),(503,24,5,'Robert'),(504,4,1,'Steven'),(505,36,6,'Sandra'),(506,4,3,'Linda'),(507,28,6,'Ruth'),(508,7,6,'Walter'),(509,36,1,'Johnny'),(510,25,4,'Judy'),(511,21,6,'Kathryn'),(512,39,4,'Phillip'),(513,21,4,'Cynthia'),(514,11,3,'Donna'),(515,21,1,'Frances'),(516,24,2,'Patrick'),(517,44,1,'Carolyn'),(518,21,4,'Larry'),(519,30,2,'Steven'),(520,10,2,'Samuel'),(521,44,3,'David'),(522,18,7,'Kimberly'),(523,3,8,'Margaret'),(524,36,6,'Irene'),(525,38,3,'Laura'),(526,1,4,'Linda'),(527,15,7,'Christine'),(528,30,7,'Mildred'),(529,6,3,'Eric'),(530,12,7,'Nicole'),(531,22,5,'Joan'),(532,24,7,'Heather'),(533,9,4,'Harry'),(534,6,7,'Mary'),(535,24,1,'Dennis'),(536,42,7,'Kathy'),(537,38,2,'Melissa'),(538,31,3,'Judy'),(539,42,4,'Karen'),(540,6,1,'Steven'),(541,33,2,'Martin'),(542,16,5,'Frank'),(543,30,8,'Heather'),(544,21,2,'Teresa'),(545,9,2,'Donald'),(546,16,6,'Christina'),(547,18,8,'Norma'),(548,30,3,'Anne'),(549,45,7,'Carlos'),(550,48,3,'Donald'),(551,3,8,'Ruth'),(552,47,8,'Matthew'),(553,3,2,'Stephanie'),(554,36,6,'Rebecca'),(555,50,4,'Justin'),(556,31,4,'Lillian'),(557,30,4,'Roy'),(558,36,5,'Jane'),(559,20,4,'Dorothy'),(560,35,4,'Jerry'),(561,2,8,'Tina'),(562,37,3,'Kathryn'),(563,3,7,'Clarence'),(564,35,4,'Scott'),(565,4,2,'Norma'),(566,19,5,'Bonnie'),(567,24,3,'Gloria'),(568,29,7,'Patrick'),(569,32,6,'Antonio'),(570,43,2,'Arthur'),(571,3,3,'Jacqueline'),(572,10,5,'Bonnie'),(573,31,2,'Charles'),(574,17,4,'Jerry'),(575,44,7,'Emily'),(576,32,7,'Cheryl'),(577,25,1,'Maria'),(578,24,1,'Jean'),(579,4,5,'Charles'),(580,34,2,'Eric'),(581,32,5,'Justin'),(582,6,4,'Philip'),(583,38,5,'Marilyn'),(584,35,1,'Michael'),(585,10,3,'Juan'),(586,24,4,'Betty'),(587,23,6,'Irene'),(588,46,1,'Terry'),(589,12,8,'Anthony'),(590,29,3,'Fred'),(591,21,6,'Brian'),(592,30,5,'Philip'),(593,4,3,'Craig'),(594,41,8,'Michael'),(595,20,5,'Joyce'),(596,47,2,'Karen'),(597,47,4,'Benjamin'),(598,11,2,'Christopher'),(599,13,6,'Justin'),(600,15,6,'Sharon'),(601,33,5,'Tina'),(602,16,7,'Randy'),(603,45,3,'Kathryn'),(604,24,1,'Jennifer'),(605,10,2,'Emily'),(606,13,3,'Joyce'),(607,18,3,'Angela'),(608,4,3,'Gloria'),(609,26,5,'Pamela'),(610,23,5,'Paul'),(611,9,4,'Raymond'),(612,12,4,'Kimberly'),(613,33,5,'Adam'),(614,50,5,'Judith'),(615,22,2,'Aaron'),(616,1,5,'Louise'),(617,20,5,'Pamela'),(618,4,6,'Marie'),(619,36,5,'Jason'),(620,50,4,'Donald'),(621,17,7,'David'),(622,6,2,'Kathryn'),(623,42,2,'Craig'),(624,44,6,'Shawn'),(625,10,5,'Justin'),(626,27,6,'Bonnie'),(627,12,5,'Lillian'),(628,7,8,'Virginia'),(629,10,1,'George'),(630,19,6,'Christopher'),(631,18,7,'Ronald'),(632,35,2,'Charles'),(633,48,5,'Carolyn'),(634,33,6,'Rose'),(635,25,5,'David'),(636,20,7,'Jessica'),(637,6,3,'Margaret'),(638,30,6,'Albert'),(639,6,6,'Terry'),(640,32,3,'Jimmy'),(641,11,8,'Billy'),(642,1,5,'Carolyn'),(643,26,2,'Diana'),(644,48,3,'Louise'),(645,4,2,'Steven'),(646,1,2,'Diana'),(647,33,3,'Patrick'),(648,42,5,'Mark'),(649,25,5,'Stephanie'),(650,19,6,'Richard'),(651,9,7,'Ruth'),(652,1,4,'David'),(653,18,1,'Richard'),(654,37,3,'Chris'),(655,4,2,'David'),(656,2,1,'Philip'),(657,28,3,'Janice'),(658,40,7,'Larry'),(659,32,7,'Patricia'),(660,1,8,'Kathryn'),(661,45,3,'Johnny'),(662,28,2,'Cheryl'),(664,21,2,'Lori'),(665,22,5,'Cynthia'),(666,14,1,'Michael'),(667,26,5,'Ryan'),(668,47,3,'Thomas'),(669,26,5,'Jerry'),(670,34,3,'Willie'),(671,44,7,'Juan'),(672,29,2,'Bobby'),(673,48,6,'Craig'),(674,25,4,'Anthony'),(675,11,7,'Annie'),(676,15,8,'Ronald'),(677,11,3,'Janice'),(678,49,1,'Clarence'),(679,8,7,'John'),(680,13,8,'Carl'),(681,49,8,'Ronald'),(682,16,3,'Anne'),(683,35,3,'Paul'),(684,33,7,'Kenneth'),(685,47,2,'Amanda'),(686,6,8,'Aaron'),(687,46,2,'George'),(688,15,7,'Sarah'),(689,4,2,'Antonio'),(690,4,1,'Jean'),(691,36,3,'Helen'),(692,8,2,'Jessica'),(693,1,8,'Dennis'),(694,3,1,'Patrick'),(695,12,6,'Sean'),(696,6,7,'Susan'),(697,10,5,'Craig'),(698,29,3,'Richard'),(699,35,5,'Jane'),(700,10,8,'Aaron'),(701,12,1,'Charles'),(702,2,2,'Walter'),(703,45,8,'Louis'),(704,47,4,'Albert'),(705,32,3,'Marilyn'),(706,48,4,'Billy'),(707,42,6,'Helen'),(708,39,7,'Rachel'),(709,24,3,'Mark'),(710,34,3,'Irene'),(711,4,6,'Denise'),(712,43,4,'Earl'),(713,50,5,'Clarence'),(714,10,6,'Julia'),(715,38,8,'Julie'),(716,32,8,'Ralph'),(717,16,5,'Laura'),(718,45,2,'Charles'),(719,5,7,'Mary'),(720,7,5,'Michelle'),(721,4,2,'Nancy'),(722,28,6,'Fred'),(723,14,2,'Joyce'),(724,11,5,'Michelle'),(725,17,8,'Daniel'),(726,9,3,'Donald'),(727,3,1,'Antonio'),(728,24,4,'Roger'),(729,19,5,'Judy'),(730,4,8,'Joe'),(731,32,1,'Carlos'),(732,19,6,'Ashley'),(733,39,7,'Dennis'),(734,40,2,'Adam'),(735,29,1,'Anthony'),(736,6,4,'Marilyn'),(737,9,7,'Shawn'),(738,14,3,'Robin'),(739,45,8,'Walter'),(740,5,5,'Kathleen'),(741,37,1,'Victor'),(742,16,2,'Thomas'),(743,12,5,'Kathryn'),(744,42,8,'Emily'),(745,31,7,'Marie'),(746,29,2,'Lawrence'),(747,14,2,'James'),(748,43,5,'Kelly'),(749,20,1,'Benjamin'),(750,1,3,'Dennis'),(751,45,8,'Steven'),(752,25,1,'Anne'),(753,33,3,'Rachel'),(754,30,4,'Jimmy'),(755,4,8,'Frank'),(756,13,8,'Joan'),(758,1,0,'Elton John and the Peddlers'),(759,1,0,'Fucker\'s Food');
/*!40000 ALTER TABLE `trucks` ENABLE KEYS */;
UNLOCK TABLES;

--
-- Table structure for table `users`
--

DROP TABLE IF EXISTS `users`;
/*!40101 SET @saved_cs_client     = @@character_set_client */;
/*!40101 SET character_set_client = utf8 */;
CREATE TABLE `users` (
  `id` int(11) NOT NULL AUTO_INCREMENT,
  `username` varchar(50) CHARACTER SET latin1 NOT NULL,
  `password` varchar(255) NOT NULL,
  `email` varchar(150) NOT NULL,
  `mobile` varchar(20) DEFAULT NULL,
  `id_company` varchar(255) DEFAULT NULL,
  `firstname` varchar(255) DEFAULT NULL,
  `lastname` varchar(255) DEFAULT NULL,
  `session_id` varchar(255) DEFAULT NULL,
  `deleted` tinyint(1) DEFAULT '0',
  PRIMARY KEY (`id`),
  UNIQUE KEY `email_UNIQUE` (`email`),
  UNIQUE KEY `username_UNIQUE` (`username`)
) ENGINE=MyISAM AUTO_INCREMENT=1032 DEFAULT CHARSET=utf8;
/*!40101 SET character_set_client = @saved_cs_client */;

--
-- Dumping data for table `users`
--

LOCK TABLES `users` WRITE;
/*!40000 ALTER TABLE `users` DISABLE KEYS */;
INSERT INTO `users` VALUES (1,'jolivetteme','098f6bcd4621d373cade4e832627b4f6','jolivetteme@gmail.com','5129632957654654','1','Mitchell','Jolivette','',0),(2,'fisherj','098f6bcd4621d373cade4e832627b4f6','josh@superdumps.com','','2','Josh','Fisher','',0),(21,'jasonholmes','098f6bcd4621d373cade4e832627b4f6','jasonholmes@holmeshome.com','2813308004','2','Jason','Holmes','',0),(22,'marshasanes','098f6bcd4621d373cade4e832627b4f6','marshasanes@sanesinc.com','7138349999','3','Marsha','Sanes','',0),(23,'pgomez','098f6bcd4621d373cade4e832627b4f6','hsimmons@jamia.com','7-(804)061-2419','1','Howard','Simmons','',0),(24,'ahill','098f6bcd4621d373cade4e832627b4f6','fhernandez@browsebug.mil','5-(622)928-9843','2','Frank','Hernandez','',0),(31,'cjordan','098f6bcd4621d373cade4e832627b4f6','ktorres@innoz.biz','7-(597)380-6901','9','Kevin','Torres','',0),(32,'agonzalez','098f6bcd4621d373cade4e832627b4f6','ggreene@kwilith.info','1-(513)834-4192','10','George','Greene','',0),(33,'agomez','098f6bcd4621d373cade4e832627b4f6','mbanks@riffpedia.gov','6-(920)295-4385','11','Marilyn','Banks','',0),(34,'mcook','098f6bcd4621d373cade4e832627b4f6','shunt@dynabox.mil','5-(275)604-8285','12','Stephanie','Hunt','',0),(35,'pschmidt','098f6bcd4621d373cade4e832627b4f6','kromero@voomm.mil','1-(602)536-8880','13','Kathryn','Romero','',0),(1024,'admin','f0d135931df295a9dd5f4ab98207b2c0','admin@shoyanet.com',NULL,'1',NULL,NULL,NULL,0),(1025,'jolivettem','','jolivetteme@yahoo.com',NULL,NULL,NULL,NULL,NULL,0),(1026,'jolivetteam','','jolivetteme@yahoao.com',NULL,NULL,NULL,NULL,NULL,0),(1027,'jolivetteaam','','jolivetteme@yahoaao.com',NULL,NULL,NULL,NULL,NULL,0),(1028,'ajolivetteaam','','jolivetteme@yahoaaao.com',NULL,NULL,NULL,NULL,NULL,0),(1029,'','','',NULL,NULL,NULL,NULL,NULL,0),(1030,'jo','','jol',NULL,NULL,NULL,NULL,NULL,0),(1031,'jolliv','','jolivetteme@lycos.com',NULL,NULL,NULL,NULL,NULL,0);
/*!40000 ALTER TABLE `users` ENABLE KEYS */;
UNLOCK TABLES;
/*!40103 SET TIME_ZONE=@OLD_TIME_ZONE */;

/*!40101 SET SQL_MODE=@OLD_SQL_MODE */;
/*!40014 SET FOREIGN_KEY_CHECKS=@OLD_FOREIGN_KEY_CHECKS */;
/*!40014 SET UNIQUE_CHECKS=@OLD_UNIQUE_CHECKS */;
/*!40101 SET CHARACTER_SET_CLIENT=@OLD_CHARACTER_SET_CLIENT */;
/*!40101 SET CHARACTER_SET_RESULTS=@OLD_CHARACTER_SET_RESULTS */;
/*!40101 SET COLLATION_CONNECTION=@OLD_COLLATION_CONNECTION */;
/*!40111 SET SQL_NOTES=@OLD_SQL_NOTES */;

-- Dump completed on 2018-08-09 21:18:59
